selected_index,dataset_split,camera,video_file,episode_index,frame_index,timestamp_seconds,source_frame,output_file,selection_reason,notes
1,short,head_left,file-000.mp4,1,240,8.000000,task_A_dataset_frame/outputs/frames_raw/short_head_left_file000_episode000001_frame000240_t008000.jpg,task_A_dataset_frame/outputs/frames_selected/600_baseline/short_head_left_file000_episode000001_frame000240_t008000.jpg,stratified_coverage+visual_hard_candidate,hard_score=0.117827; brightness=0.581999; contrast=0.154808; edge_density=0.127083; sharpness=0.003795
2,short,head_left,file-000.mp4,2,480,16.000000,task_A_dataset_frame/outputs/frames_raw/short_head_left_file000_episode000002_frame000480_t016000.jpg,task_A_dataset_frame/outputs/frames_selected/600_baseline/short_head_left_file000_episode000002_frame000480_t016000.jpg,stratified_coverage,hard_score=0.110760; brightness=0.571809; contrast=0.157671; edge_density=0.118125; sharpness=0.003487
3,short,head_left,file-000.mp4,7,1360,45.333333,task_A_dataset_frame/outputs/frames_raw/short_head_left_file000_episode000007_frame001360_t045333.jpg,task_A_dataset_frame/outputs/frames_selected/600_baseline/short_head_left_file000_episode000007_frame001360_t045333.jpg,stratified_coverage,hard_score=0.115947; brightness=0.575176; contrast=0.163626; edge_density=0.124844; sharpness=0.004169
4,short,head_left,file-000.mp4,9,1840,61.333333,task_A_dataset_frame/outputs/frames_raw/short_head_left_file000_episode000009_frame001840_t061333.jpg,task_A_dataset_frame/outputs/frames_selected/600_baseline/short_head_left_file000_episode000009_frame001840_t061333.jpg,stratified_coverage,hard_score=0.107318; brightness=0.560772; contrast=0.164542; edge_density=0.119323; sharpness=0.003568
5,short,head_left,file-000.mp4,12,2320,77.333333,task_A_dataset_frame/outputs/frames_raw/short_head_left_file000_episode000012_frame002320_t077333.jpg,task_A_dataset_frame/outputs/frames_selected/600_baseline/short_head_left_file000_episode000012_frame002320_t077333.jpg,stratified_coverage,hard_score=0.115533; brightness=0.580439; contrast=0.157377; edge_density=0.119896; sharpness=0.003673
6,short,head_left,file-000.mp4,14,2800,93.333333,task_A_dataset_frame/outputs/frames_raw/short_head_left_file000_episode000014_frame002800_t093333.jpg,task_A_dataset_frame/outputs/frames_selected/600_baseline/short_head_left_file000_episode000014_frame002800_t093333.jpg,stratified_coverage,hard_score=0.112135; brightness=0.571410; contrast=0.158531; edge_density=0.122656; sharpness=0.003589
7,short,head_left,file-000.mp4,16,3200,106.666667,task_A_dataset_frame/outputs/frames_raw/short_head_left_file000_episode000016_frame003200_t106667.jpg,task_A_dataset_frame/outputs/frames_selected/600_baseline/short_head_left_file000_episode000016_frame003200_t106667.jpg,stratified_coverage,hard_score=0.112606; brightness=0.577157; contrast=0.152736; edge_density=0.119479; sharpness=0.003406
8,short,head_left,file-000.mp4,19,3680,122.666667,task_A_dataset_frame/outputs/frames_raw/short_head_left_file000_episode000019_frame003680_t122667.jpg,task_A_dataset_frame/outputs/frames_selected/600_baseline/short_head_left_file000_episode000019_frame003680_t122667.jpg,stratified_coverage,hard_score=0.115002; brightness=0.575374; contrast=0.158196; edge_density=0.125885; sharpness=0.003763
9,short,head_left,file-000.mp4,21,4160,138.666667,task_A_dataset_frame/outputs/frames_raw/short_head_left_file000_episode000021_frame004160_t138667.jpg,task_A_dataset_frame/outputs/frames_selected/600_baseline/short_head_left_file000_episode000021_frame004160_t138667.jpg,stratified_coverage,hard_score=0.111528; brightness=0.570177; contrast=0.159320; edge_density=0.122031; sharpness=0.003803
10,short,head_left,file-000.mp4,24,4650,155.000000,task_A_dataset_frame/outputs/frames_raw/short_head_left_file000_episode000024_frame004650_t155000.jpg,task_A_dataset_frame/outputs/frames_selected/600_baseline/short_head_left_file000_episode000024_frame004650_t155000.jpg,stratified_coverage,hard_score=0.111405; brightness=0.567125; contrast=0.164870; edge_density=0.122083; sharpness=0.003748
11,short,head_left,file-000.mp4,26,5050,168.333333,task_A_dataset_frame/outputs/frames_raw/short_head_left_file000_episode000026_frame005050_t168333.jpg,task_A_dataset_frame/outputs/frames_selected/600_baseline/short_head_left_file000_episode000026_frame005050_t168333.jpg,stratified_coverage,hard_score=0.111475; brightness=0.566554; contrast=0.163103; edge_density=0.124740; sharpness=0.003671
12,short,head_left,file-000.mp4,28,5450,181.666667,task_A_dataset_frame/outputs/frames_raw/short_head_left_file000_episode000028_frame005450_t181667.jpg,task_A_dataset_frame/outputs/frames_selected/600_baseline/short_head_left_file000_episode000028_frame005450_t181667.jpg,stratified_coverage+visual_hard_candidate,hard_score=0.118830; brightness=0.582713; contrast=0.155829; edge_density=0.128385; sharpness=0.003702
13,short,head_left,file-000.mp4,28,5530,184.333333,task_A_dataset_frame/outputs/frames_raw/short_head_left_file000_episode000028_frame005530_t184333.jpg,task_A_dataset_frame/outputs/frames_selected/600_baseline/short_head_left_file000_episode000028_frame005530_t184333.jpg,stratified_coverage,hard_score=0.113073; brightness=0.581237; contrast=0.151005; edge_density=0.115677; sharpness=0.003528
14,short,head_left,file-000.mp4,31,6010,200.333333,task_A_dataset_frame/outputs/frames_raw/short_head_left_file000_episode000031_frame006010_t200333.jpg,task_A_dataset_frame/outputs/frames_selected/600_baseline/short_head_left_file000_episode000031_frame006010_t200333.jpg,stratified_coverage+visual_hard_candidate,hard_score=0.119173; brightness=0.583550; contrast=0.156154; edge_density=0.127865; sharpness=0.003785
15,short,head_left,file-000.mp4,31,6090,203.000000,task_A_dataset_frame/outputs/frames_raw/short_head_left_file000_episode000031_frame006090_t203000.jpg,task_A_dataset_frame/outputs/frames_selected/600_baseline/short_head_left_file000_episode000031_frame006090_t203000.jpg,stratified_coverage,hard_score=0.117125; brightness=0.581844; contrast=0.153998; edge_density=0.125677; sharpness=0.003746
16,short,head_left,file-000.mp4,33,6490,216.333333,task_A_dataset_frame/outputs/frames_raw/short_head_left_file000_episode000033_frame006490_t216333.jpg,task_A_dataset_frame/outputs/frames_selected/600_baseline/short_head_left_file000_episode000033_frame006490_t216333.jpg,stratified_coverage,hard_score=0.111251; brightness=0.567932; contrast=0.161205; edge_density=0.123281; sharpness=0.003799
17,short,head_left,file-000.mp4,35,6890,229.666667,task_A_dataset_frame/outputs/frames_raw/short_head_left_file000_episode000035_frame006890_t229667.jpg,task_A_dataset_frame/outputs/frames_selected/600_baseline/short_head_left_file000_episode000035_frame006890_t229667.jpg,stratified_coverage,hard_score=0.112012; brightness=0.582254; contrast=0.148728; edge_density=0.112344; sharpness=0.003282
18,short,head_left,file-000.mp4,38,7370,245.666667,task_A_dataset_frame/outputs/frames_raw/short_head_left_file000_episode000038_frame007370_t245667.jpg,task_A_dataset_frame/outputs/frames_selected/600_baseline/short_head_left_file000_episode000038_frame007370_t245667.jpg,stratified_coverage,hard_score=0.112340; brightness=0.577567; contrast=0.152540; edge_density=0.118073; sharpness=0.003471
19,short,head_left,file-000.mp4,40,7690,256.333333,task_A_dataset_frame/outputs/frames_raw/short_head_left_file000_episode000040_frame007690_t256333.jpg,task_A_dataset_frame/outputs/frames_selected/600_baseline/short_head_left_file000_episode000040_frame007690_t256333.jpg,stratified_coverage+visual_hard_candidate,hard_score=0.117320; brightness=0.582034; contrast=0.159151; edge_density=0.121719; sharpness=0.003899
20,short,head_left,file-000.mp4,40,7770,259.000000,task_A_dataset_frame/outputs/frames_raw/short_head_left_file000_episode000040_frame007770_t259000.jpg,task_A_dataset_frame/outputs/frames_selected/600_baseline/short_head_left_file000_episode000040_frame007770_t259000.jpg,stratified_coverage,hard_score=0.117047; brightness=0.574313; contrast=0.160126; edge_density=0.132865; sharpness=0.003731
21,short,head_left,file-000.mp4,40,7850,261.666667,task_A_dataset_frame/outputs/frames_raw/short_head_left_file000_episode000040_frame007850_t261667.jpg,task_A_dataset_frame/outputs/frames_selected/600_baseline/short_head_left_file000_episode000040_frame007850_t261667.jpg,stratified_coverage,hard_score=0.113336; brightness=0.582354; contrast=0.149885; edge_density=0.115625; sharpness=0.003387
22,short,head_left,file-000.mp4,43,8330,277.666667,task_A_dataset_frame/outputs/frames_raw/short_head_left_file000_episode000043_frame008330_t277667.jpg,task_A_dataset_frame/outputs/frames_selected/600_baseline/short_head_left_file000_episode000043_frame008330_t277667.jpg,stratified_coverage,hard_score=0.113434; brightness=0.571794; contrast=0.159458; edge_density=0.125573; sharpness=0.003767
23,short,head_left,file-000.mp4,45,8650,288.333333,task_A_dataset_frame/outputs/frames_raw/short_head_left_file000_episode000045_frame008650_t288333.jpg,task_A_dataset_frame/outputs/frames_selected/600_baseline/short_head_left_file000_episode000045_frame008650_t288333.jpg,stratified_coverage+visual_hard_candidate,hard_score=0.117412; brightness=0.581499; contrast=0.157526; edge_density=0.124271; sharpness=0.003899
24,short,head_left,file-000.mp4,45,8730,291.000000,task_A_dataset_frame/outputs/frames_raw/short_head_left_file000_episode000045_frame008730_t291000.jpg,task_A_dataset_frame/outputs/frames_selected/600_baseline/short_head_left_file000_episode000045_frame008730_t291000.jpg,stratified_coverage,hard_score=0.112824; brightness=0.578353; contrast=0.153151; edge_density=0.117865; sharpness=0.003485
25,short,head_left,file-000.mp4,47,9210,307.000000,task_A_dataset_frame/outputs/frames_raw/short_head_left_file000_episode000047_frame009210_t307000.jpg,task_A_dataset_frame/outputs/frames_selected/600_baseline/short_head_left_file000_episode000047_frame009210_t307000.jpg,stratified_coverage,hard_score=0.112452; brightness=0.587933; contrast=0.145817; edge_density=0.106771; sharpness=0.003109
26,short,head_left,file-000.mp4,50,9690,323.000000,task_A_dataset_frame/outputs/frames_raw/short_head_left_file000_episode000050_frame009690_t323000.jpg,task_A_dataset_frame/outputs/frames_selected/600_baseline/short_head_left_file000_episode000050_frame009690_t323000.jpg,stratified_coverage,hard_score=0.108745; brightness=0.566075; contrast=0.163081; edge_density=0.116458; sharpness=0.003495
27,short,head_left,file-000.mp4,52,10010,333.666667,task_A_dataset_frame/outputs/frames_raw/short_head_left_file000_episode000052_frame010010_t333667.jpg,task_A_dataset_frame/outputs/frames_selected/600_baseline/short_head_left_file000_episode000052_frame010010_t333667.jpg,stratified_coverage,hard_score=0.117181; brightness=0.578867; contrast=0.158490; edge_density=0.127083; sharpness=0.003721
28,short,head_left,file-000.mp4,52,10170,339.000000,task_A_dataset_frame/outputs/frames_raw/short_head_left_file000_episode000052_frame010170_t339000.jpg,task_A_dataset_frame/outputs/frames_selected/600_baseline/short_head_left_file000_episode000052_frame010170_t339000.jpg,stratified_coverage,hard_score=0.111383; brightness=0.587915; contrast=0.145015; edge_density=0.103906; sharpness=0.002999
29,short,head_left,file-000.mp4,54,10410,347.000000,task_A_dataset_frame/outputs/frames_raw/short_head_left_file000_episode000054_frame010410_t347000.jpg,task_A_dataset_frame/outputs/frames_selected/600_baseline/short_head_left_file000_episode000054_frame010410_t347000.jpg,stratified_coverage+visual_hard_candidate,hard_score=0.117533; brightness=0.567843; contrast=0.165259; edge_density=0.140990; sharpness=0.004166
30,short,head_left,file-000.mp4,55,10570,352.333333,task_A_dataset_frame/outputs/frames_raw/short_head_left_file000_episode000055_frame010570_t352333.jpg,task_A_dataset_frame/outputs/frames_selected/600_baseline/short_head_left_file000_episode000055_frame010570_t352333.jpg,stratified_coverage,hard_score=0.116250; brightness=0.580664; contrast=0.160110; edge_density=0.119635; sharpness=0.003807
31,short,head_left,file-000.mp4,57,11050,368.333333,task_A_dataset_frame/outputs/frames_raw/short_head_left_file000_episode000057_frame011050_t368333.jpg,task_A_dataset_frame/outputs/frames_selected/600_baseline/short_head_left_file000_episode000057_frame011050_t368333.jpg,stratified_coverage,hard_score=0.111819; brightness=0.572091; contrast=0.157843; edge_density=0.121042; sharpness=0.003599
32,short,head_left,file-000.mp4,60,11530,384.333333,task_A_dataset_frame/outputs/frames_raw/short_head_left_file000_episode000060_frame011530_t384333.jpg,task_A_dataset_frame/outputs/frames_selected/600_baseline/short_head_left_file000_episode000060_frame011530_t384333.jpg,stratified_coverage,hard_score=0.116533; brightness=0.579088; contrast=0.161517; edge_density=0.122031; sharpness=0.004038
33,short,head_left,file-000.mp4,62,12010,400.333333,task_A_dataset_frame/outputs/frames_raw/short_head_left_file000_episode000062_frame012010_t400333.jpg,task_A_dataset_frame/outputs/frames_selected/600_baseline/short_head_left_file000_episode000062_frame012010_t400333.jpg,stratified_coverage,hard_score=0.108303; brightness=0.558880; contrast=0.165140; edge_density=0.125260; sharpness=0.003697
34,short,head_left,file-000.mp4,64,12410,413.666667,task_A_dataset_frame/outputs/frames_raw/short_head_left_file000_episode000064_frame012410_t413667.jpg,task_A_dataset_frame/outputs/frames_selected/600_baseline/short_head_left_file000_episode000064_frame012410_t413667.jpg,stratified_coverage,hard_score=0.111472; brightness=0.574441; contrast=0.154694; edge_density=0.118594; sharpness=0.003611
35,short,head_left,file-000.mp4,65,12490,416.333333,task_A_dataset_frame/outputs/frames_raw/short_head_left_file000_episode000065_frame012490_t416333.jpg,task_A_dataset_frame/outputs/frames_selected/600_baseline/short_head_left_file000_episode000065_frame012490_t416333.jpg,stratified_coverage+visual_hard_candidate,hard_score=0.117352; brightness=0.581208; contrast=0.159305; edge_density=0.123073; sharpness=0.003932
36,short,head_left,file-000.mp4,66,12740,424.666667,task_A_dataset_frame/outputs/frames_raw/short_head_left_file000_episode000066_frame012740_t424667.jpg,task_A_dataset_frame/outputs/frames_selected/600_baseline/short_head_left_file000_episode000066_frame012740_t424667.jpg,stratified_coverage+visual_hard_candidate,hard_score=0.117374; brightness=0.569621; contrast=0.163066; edge_density=0.139323; sharpness=0.003943
37,short,head_left,file-000.mp4,67,12900,430.000000,task_A_dataset_frame/outputs/frames_raw/short_head_left_file000_episode000067_frame012900_t430000.jpg,task_A_dataset_frame/outputs/frames_selected/600_baseline/short_head_left_file000_episode000067_frame012900_t430000.jpg,stratified_coverage,hard_score=0.116573; brightness=0.577614; contrast=0.156876; edge_density=0.128490; sharpness=0.003658
38,short,head_left,file-000.mp4,68,13060,435.333333,task_A_dataset_frame/outputs/frames_raw/short_head_left_file000_episode000068_frame013060_t435333.jpg,task_A_dataset_frame/outputs/frames_selected/600_baseline/short_head_left_file000_episode000068_frame013060_t435333.jpg,stratified_coverage+visual_hard_candidate,hard_score=0.119148; brightness=0.584331; contrast=0.155869; edge_density=0.126719; sharpness=0.003726
39,short,head_left,file-000.mp4,69,13380,446.000000,task_A_dataset_frame/outputs/frames_raw/short_head_left_file000_episode000069_frame013380_t446000.jpg,task_A_dataset_frame/outputs/frames_selected/600_baseline/short_head_left_file000_episode000069_frame013380_t446000.jpg,stratified_coverage,hard_score=0.112751; brightness=0.576023; contrast=0.153895; edge_density=0.120885; sharpness=0.003523
40,short,head_left,file-000.mp4,72,13860,462.000000,task_A_dataset_frame/outputs/frames_raw/short_head_left_file000_episode000072_frame013860_t462000.jpg,task_A_dataset_frame/outputs/frames_selected/600_baseline/short_head_left_file000_episode000072_frame013860_t462000.jpg,stratified_coverage+visual_hard_candidate,hard_score=0.117364; brightness=0.581034; contrast=0.153889; edge_density=0.127917; sharpness=0.003630
41,short,head_left,file-000.mp4,73,14020,467.333333,task_A_dataset_frame/outputs/frames_raw/short_head_left_file000_episode000073_frame014020_t467333.jpg,task_A_dataset_frame/outputs/frames_selected/600_baseline/short_head_left_file000_episode000073_frame014020_t467333.jpg,stratified_coverage+visual_hard_candidate,hard_score=0.117740; brightness=0.583967; contrast=0.157152; edge_density=0.121563; sharpness=0.003659
42,short,head_left,file-000.mp4,74,14260,475.333333,task_A_dataset_frame/outputs/frames_raw/short_head_left_file000_episode000074_frame014260_t475333.jpg,task_A_dataset_frame/outputs/frames_selected/600_baseline/short_head_left_file000_episode000074_frame014260_t475333.jpg,stratified_coverage,hard_score=0.113383; brightness=0.577898; contrast=0.153172; edge_density=0.120469; sharpness=0.003558
43,short,head_left,file-000.mp4,76,14740,491.333333,task_A_dataset_frame/outputs/frames_raw/short_head_left_file000_episode000076_frame014740_t491333.jpg,task_A_dataset_frame/outputs/frames_selected/600_baseline/short_head_left_file000_episode000076_frame014740_t491333.jpg,stratified_coverage,hard_score=0.109251; brightness=0.563918; contrast=0.163919; edge_density=0.121042; sharpness=0.003617
44,short,head_left,file-000.mp4,78,14980,499.333333,task_A_dataset_frame/outputs/frames_raw/short_head_left_file000_episode000078_frame014980_t499333.jpg,task_A_dataset_frame/outputs/frames_selected/600_baseline/short_head_left_file000_episode000078_frame014980_t499333.jpg,stratified_coverage+visual_hard_candidate,hard_score=0.118403; brightness=0.584764; contrast=0.156709; edge_density=0.122813; sharpness=0.003779
45,short,head_left,file-000.mp4,79,15220,507.333333,task_A_dataset_frame/outputs/frames_raw/short_head_left_file000_episode000079_frame015220_t507333.jpg,task_A_dataset_frame/outputs/frames_selected/600_baseline/short_head_left_file000_episode000079_frame015220_t507333.jpg,stratified_coverage+visual_hard_candidate,hard_score=0.120849; brightness=0.580207; contrast=0.161169; edge_density=0.134844; sharpness=0.003952
46,short,head_left,file-000.mp4,79,15300,510.000000,task_A_dataset_frame/outputs/frames_raw/short_head_left_file000_episode000079_frame015300_t510000.jpg,task_A_dataset_frame/outputs/frames_selected/600_baseline/short_head_left_file000_episode000079_frame015300_t510000.jpg,stratified_coverage+visual_hard_candidate,hard_score=0.119387; brightness=0.577311; contrast=0.160550; edge_density=0.135313; sharpness=0.004000
47,short,head_left,file-000.mp4,81,15620,520.666667,task_A_dataset_frame/outputs/frames_raw/short_head_left_file000_episode000081_frame015620_t520667.jpg,task_A_dataset_frame/outputs/frames_selected/600_baseline/short_head_left_file000_episode000081_frame015620_t520667.jpg,stratified_coverage+visual_hard_candidate,hard_score=0.117753; brightness=0.587595; contrast=0.149760; edge_density=0.121719; sharpness=0.003495
48,short,head_left,file-000.mp4,81,15700,523.333333,task_A_dataset_frame/outputs/frames_raw/short_head_left_file000_episode000081_frame015700_t523333.jpg,task_A_dataset_frame/outputs/frames_selected/600_baseline/short_head_left_file000_episode000081_frame015700_t523333.jpg,stratified_coverage,hard_score=0.113529; brightness=0.585657; contrast=0.149989; edge_density=0.110677; sharpness=0.003321
49,short,head_left,file-000.mp4,83,15940,531.333333,task_A_dataset_frame/outputs/frames_raw/short_head_left_file000_episode000083_frame015940_t531333.jpg,task_A_dataset_frame/outputs/frames_selected/600_baseline/short_head_left_file000_episode000083_frame015940_t531333.jpg,stratified_coverage+visual_hard_candidate,hard_score=0.117725; brightness=0.583999; contrast=0.156589; edge_density=0.121927; sharpness=0.003772
50,short,head_left,file-000.mp4,83,16100,536.666667,task_A_dataset_frame/outputs/frames_raw/short_head_left_file000_episode000083_frame016100_t536667.jpg,task_A_dataset_frame/outputs/frames_selected/600_baseline/short_head_left_file000_episode000083_frame016100_t536667.jpg,stratified_coverage,hard_score=0.113370; brightness=0.582062; contrast=0.149109; edge_density=0.116875; sharpness=0.003341
51,short,head_left,file-000.mp4,86,16580,552.666667,task_A_dataset_frame/outputs/frames_raw/short_head_left_file000_episode000086_frame016580_t552667.jpg,task_A_dataset_frame/outputs/frames_selected/600_baseline/short_head_left_file000_episode000086_frame016580_t552667.jpg,stratified_coverage,hard_score=0.112877; brightness=0.571973; contrast=0.158625; edge_density=0.124115; sharpness=0.003654
52,short,head_left,file-000.mp4,88,17060,568.666667,task_A_dataset_frame/outputs/frames_raw/short_head_left_file000_episode000088_frame017060_t568667.jpg,task_A_dataset_frame/outputs/frames_selected/600_baseline/short_head_left_file000_episode000088_frame017060_t568667.jpg,stratified_coverage,hard_score=0.111002; brightness=0.581775; contrast=0.149018; edge_density=0.109531; sharpness=0.003255
53,short,head_left,file-000.mp4,91,17540,584.666667,task_A_dataset_frame/outputs/frames_raw/short_head_left_file000_episode000091_frame017540_t584667.jpg,task_A_dataset_frame/outputs/frames_selected/600_baseline/short_head_left_file000_episode000091_frame017540_t584667.jpg,stratified_coverage,hard_score=0.117263; brightness=0.579131; contrast=0.157041; edge_density=0.128125; sharpness=0.003726
54,short,head_left,file-000.mp4,93,17860,595.333333,task_A_dataset_frame/outputs/frames_raw/short_head_left_file000_episode000093_frame017860_t595333.jpg,task_A_dataset_frame/outputs/frames_selected/600_baseline/short_head_left_file000_episode000093_frame017860_t595333.jpg,stratified_coverage+visual_hard_candidate,hard_score=0.117573; brightness=0.583398; contrast=0.156870; edge_density=0.122188; sharpness=0.003617
55,short,head_left,file-000.mp4,93,17940,598.000000,task_A_dataset_frame/outputs/frames_raw/short_head_left_file000_episode000093_frame017940_t598000.jpg,task_A_dataset_frame/outputs/frames_selected/600_baseline/short_head_left_file000_episode000093_frame017940_t598000.jpg,stratified_coverage,hard_score=0.107871; brightness=0.563767; contrast=0.164076; edge_density=0.116562; sharpness=0.003505
56,short,head_left,file-000.mp4,95,18260,608.666667,task_A_dataset_frame/outputs/frames_raw/short_head_left_file000_episode000095_frame018260_t608667.jpg,task_A_dataset_frame/outputs/frames_selected/600_baseline/short_head_left_file000_episode000095_frame018260_t608667.jpg,stratified_coverage,hard_score=0.116897; brightness=0.580621; contrast=0.156097; edge_density=0.125208; sharpness=0.003706
57,short,head_left,file-000.mp4,95,18420,614.000000,task_A_dataset_frame/outputs/frames_raw/short_head_left_file000_episode000095_frame018420_t614000.jpg,task_A_dataset_frame/outputs/frames_selected/600_baseline/short_head_left_file000_episode000095_frame018420_t614000.jpg,stratified_coverage,hard_score=0.112156; brightness=0.586515; contrast=0.146218; edge_density=0.107813; sharpness=0.003103
58,short,head_left,file-000.mp4,98,18820,627.333333,task_A_dataset_frame/outputs/frames_raw/short_head_left_file000_episode000098_frame018820_t627333.jpg,task_A_dataset_frame/outputs/frames_selected/600_baseline/short_head_left_file000_episode000098_frame018820_t627333.jpg,stratified_coverage+visual_hard_candidate,hard_score=0.118190; brightness=0.584209; contrast=0.155906; edge_density=0.123698; sharpness=0.003615
59,short,head_left,file-000.mp4,98,18900,630.000000,task_A_dataset_frame/outputs/frames_raw/short_head_left_file000_episode000098_frame018900_t630000.jpg,task_A_dataset_frame/outputs/frames_selected/600_baseline/short_head_left_file000_episode000098_frame018900_t630000.jpg,stratified_coverage,hard_score=0.112448; brightness=0.579503; contrast=0.152409; edge_density=0.115312; sharpness=0.003394
60,short,head_left,file-000.mp4,100,19380,646.000000,task_A_dataset_frame/outputs/frames_raw/short_head_left_file000_episode000100_frame019380_t646000.jpg,task_A_dataset_frame/outputs/frames_selected/600_baseline/short_head_left_file000_episode000100_frame019380_t646000.jpg,stratified_coverage,hard_score=0.111339; brightness=0.581591; contrast=0.147671; edge_density=0.112083; sharpness=0.003246
61,short,head_left,file-000.mp4,103,19780,659.333333,task_A_dataset_frame/outputs/frames_raw/short_head_left_file000_episode000103_frame019780_t659333.jpg,task_A_dataset_frame/outputs/frames_selected/600_baseline/short_head_left_file000_episode000103_frame019780_t659333.jpg,stratified_coverage+visual_hard_candidate,hard_score=0.117704; brightness=0.584585; contrast=0.156273; edge_density=0.121146; sharpness=0.003747
62,short,head_left,file-000.mp4,103,19860,662.000000,task_A_dataset_frame/outputs/frames_raw/short_head_left_file000_episode000103_frame019860_t662000.jpg,task_A_dataset_frame/outputs/frames_selected/600_baseline/short_head_left_file000_episode000103_frame019860_t662000.jpg,stratified_coverage+visual_hard_candidate,hard_score=0.117493; brightness=0.582068; contrast=0.154525; edge_density=0.126094; sharpness=0.003626
63,short,head_left,file-000.mp4,105,20260,675.333333,task_A_dataset_frame/outputs/frames_raw/short_head_left_file000_episode000105_frame020260_t675333.jpg,task_A_dataset_frame/outputs/frames_selected/600_baseline/short_head_left_file000_episode000105_frame020260_t675333.jpg,stratified_coverage,hard_score=0.110677; brightness=0.574844; contrast=0.154708; edge_density=0.115260; sharpness=0.003392
64,short,head_left,file-000.mp4,108,20740,691.333333,task_A_dataset_frame/outputs/frames_raw/short_head_left_file000_episode000108_frame020740_t691333.jpg,task_A_dataset_frame/outputs/frames_selected/600_baseline/short_head_left_file000_episode000108_frame020740_t691333.jpg,stratified_coverage+visual_hard_candidate,hard_score=0.118686; brightness=0.583292; contrast=0.157409; edge_density=0.125625; sharpness=0.003733
65,short,head_left,file-000.mp4,110,21230,707.666667,task_A_dataset_frame/outputs/frames_raw/short_head_left_file000_episode000110_frame021230_t707667.jpg,task_A_dataset_frame/outputs/frames_selected/600_baseline/short_head_left_file000_episode000110_frame021230_t707667.jpg,stratified_coverage,hard_score=0.107752; brightness=0.562324; contrast=0.164047; edge_density=0.118594; sharpness=0.003512
66,short,head_left,file-000.mp4,113,21710,723.666667,task_A_dataset_frame/outputs/frames_raw/short_head_left_file000_episode000113_frame021710_t723667.jpg,task_A_dataset_frame/outputs/frames_selected/600_baseline/short_head_left_file000_episode000113_frame021710_t723667.jpg,stratified_coverage,hard_score=0.116165; brightness=0.578774; contrast=0.158861; edge_density=0.123542; sharpness=0.003888
67,short,head_left,file-000.mp4,115,22110,737.000000,task_A_dataset_frame/outputs/frames_raw/short_head_left_file000_episode000115_frame022110_t737000.jpg,task_A_dataset_frame/outputs/frames_selected/600_baseline/short_head_left_file000_episode000115_frame022110_t737000.jpg,stratified_coverage,hard_score=0.115028; brightness=0.565546; contrast=0.166834; edge_density=0.135156; sharpness=0.004122
68,short,head_left,file-000.mp4,117,22590,753.000000,task_A_dataset_frame/outputs/frames_raw/short_head_left_file000_episode000117_frame022590_t753000.jpg,task_A_dataset_frame/outputs/frames_selected/600_baseline/short_head_left_file000_episode000117_frame022590_t753000.jpg,stratified_coverage,hard_score=0.110298; brightness=0.569940; contrast=0.156563; edge_density=0.120625; sharpness=0.003599
69,short,head_left,file-000.mp4,120,23070,769.000000,task_A_dataset_frame/outputs/frames_raw/short_head_left_file000_episode000120_frame023070_t769000.jpg,task_A_dataset_frame/outputs/frames_selected/600_baseline/short_head_left_file000_episode000120_frame023070_t769000.jpg,stratified_coverage,hard_score=0.117079; brightness=0.579680; contrast=0.155207; edge_density=0.128125; sharpness=0.003641
70,short,head_left,file-000.mp4,122,23470,782.333333,task_A_dataset_frame/outputs/frames_raw/short_head_left_file000_episode000122_frame023470_t782333.jpg,task_A_dataset_frame/outputs/frames_selected/600_baseline/short_head_left_file000_episode000122_frame023470_t782333.jpg,stratified_coverage,hard_score=0.117057; brightness=0.579599; contrast=0.157717; edge_density=0.126094; sharpness=0.003785
71,short,head_left,file-000.mp4,122,23550,785.000000,task_A_dataset_frame/outputs/frames_raw/short_head_left_file000_episode000122_frame023550_t785000.jpg,task_A_dataset_frame/outputs/frames_selected/600_baseline/short_head_left_file000_episode000122_frame023550_t785000.jpg,stratified_coverage,hard_score=0.115885; brightness=0.577488; contrast=0.156754; edge_density=0.126510; sharpness=0.003706
72,short,head_left,file-000.mp4,124,23950,798.333333,task_A_dataset_frame/outputs/frames_raw/short_head_left_file000_episode000124_frame023950_t798333.jpg,task_A_dataset_frame/outputs/frames_selected/600_baseline/short_head_left_file000_episode000124_frame023950_t798333.jpg,stratified_coverage,hard_score=0.112253; brightness=0.563667; contrast=0.164990; edge_density=0.130573; sharpness=0.003871
73,short,head_left,file-000.mp4,127,24430,814.333333,task_A_dataset_frame/outputs/frames_raw/short_head_left_file000_episode000127_frame024430_t814333.jpg,task_A_dataset_frame/outputs/frames_selected/600_baseline/short_head_left_file000_episode000127_frame024430_t814333.jpg,stratified_coverage,hard_score=0.114823; brightness=0.577945; contrast=0.154589; edge_density=0.124010; sharpness=0.003688
74,short,head_left,file-000.mp4,129,24910,830.333333,task_A_dataset_frame/outputs/frames_raw/short_head_left_file000_episode000129_frame024910_t830333.jpg,task_A_dataset_frame/outputs/frames_selected/600_baseline/short_head_left_file000_episode000129_frame024910_t830333.jpg,stratified_coverage,hard_score=0.111276; brightness=0.568288; contrast=0.160717; edge_density=0.123177; sharpness=0.003641
75,short,head_left,file-000.mp4,132,25390,846.333333,task_A_dataset_frame/outputs/frames_raw/short_head_left_file000_episode000132_frame025390_t846333.jpg,task_A_dataset_frame/outputs/frames_selected/600_baseline/short_head_left_file000_episode000132_frame025390_t846333.jpg,stratified_coverage,hard_score=0.115902; brightness=0.580043; contrast=0.152772; edge_density=0.125625; sharpness=0.003586
76,short,head_left,file-000.mp4,133,25550,851.666667,task_A_dataset_frame/outputs/frames_raw/short_head_left_file000_episode000133_frame025550_t851667.jpg,task_A_dataset_frame/outputs/frames_selected/600_baseline/short_head_left_file000_episode000133_frame025550_t851667.jpg,stratified_coverage,hard_score=0.116868; brightness=0.580929; contrast=0.158053; edge_density=0.122969; sharpness=0.003793
77,short,head_left,file-000.mp4,134,25790,859.666667,task_A_dataset_frame/outputs/frames_raw/short_head_left_file000_episode000134_frame025790_t859667.jpg,task_A_dataset_frame/outputs/frames_selected/600_baseline/short_head_left_file000_episode000134_frame025790_t859667.jpg,stratified_coverage,hard_score=0.112614; brightness=0.574986; contrast=0.154544; edge_density=0.121615; sharpness=0.003725
78,short,head_left,file-000.mp4,136,26270,875.666667,task_A_dataset_frame/outputs/frames_raw/short_head_left_file000_episode000136_frame026270_t875667.jpg,task_A_dataset_frame/outputs/frames_selected/600_baseline/short_head_left_file000_episode000136_frame026270_t875667.jpg,stratified_coverage,hard_score=0.113419; brightness=0.579673; contrast=0.153395; edge_density=0.117448; sharpness=0.003521
79,short,head_left,file-000.mp4,139,26750,891.666667,task_A_dataset_frame/outputs/frames_raw/short_head_left_file000_episode000139_frame026750_t891667.jpg,task_A_dataset_frame/outputs/frames_selected/600_baseline/short_head_left_file000_episode000139_frame026750_t891667.jpg,stratified_coverage,hard_score=0.112553; brightness=0.571599; contrast=0.159014; edge_density=0.123333; sharpness=0.003865
80,short,head_left,file-000.mp4,141,27230,907.666667,task_A_dataset_frame/outputs/frames_raw/short_head_left_file000_episode000141_frame027230_t907667.jpg,task_A_dataset_frame/outputs/frames_selected/600_baseline/short_head_left_file000_episode000141_frame027230_t907667.jpg,stratified_coverage,hard_score=0.112195; brightness=0.579269; contrast=0.150431; edge_density=0.116510; sharpness=0.003252
81,short,head_left,file-000.mp4,143,27630,921.000000,task_A_dataset_frame/outputs/frames_raw/short_head_left_file000_episode000143_frame027630_t921000.jpg,task_A_dataset_frame/outputs/frames_selected/600_baseline/short_head_left_file000_episode000143_frame027630_t921000.jpg,stratified_coverage,hard_score=0.113278; brightness=0.585031; contrast=0.147925; edge_density=0.112604; sharpness=0.003225
82,short,head_left,file-000.mp4,146,28110,937.000000,task_A_dataset_frame/outputs/frames_raw/short_head_left_file000_episode000146_frame028110_t937000.jpg,task_A_dataset_frame/outputs/frames_selected/600_baseline/short_head_left_file000_episode000146_frame028110_t937000.jpg,stratified_coverage,hard_score=0.113261; brightness=0.570434; contrast=0.160550; edge_density=0.126354; sharpness=0.003816
83,short,head_left,file-000.mp4,148,28590,953.000000,task_A_dataset_frame/outputs/frames_raw/short_head_left_file000_episode000148_frame028590_t953000.jpg,task_A_dataset_frame/outputs/frames_selected/600_baseline/short_head_left_file000_episode000148_frame028590_t953000.jpg,stratified_coverage,hard_score=0.113035; brightness=0.586763; contrast=0.147238; edge_density=0.109479; sharpness=0.003243
84,short,head_left,file-000.mp4,150,28830,961.000000,task_A_dataset_frame/outputs/frames_raw/short_head_left_file000_episode000150_frame028830_t961000.jpg,task_A_dataset_frame/outputs/frames_selected/600_baseline/short_head_left_file000_episode000150_frame028830_t961000.jpg,stratified_coverage,hard_score=0.117089; brightness=0.568619; contrast=0.166181; edge_density=0.137448; sharpness=0.004099
85,short,head_left,file-000.mp4,151,29070,969.000000,task_A_dataset_frame/outputs/frames_raw/short_head_left_file000_episode000151_frame029070_t969000.jpg,task_A_dataset_frame/outputs/frames_selected/600_baseline/short_head_left_file000_episode000151_frame029070_t969000.jpg,stratified_coverage,hard_score=0.112763; brightness=0.572795; contrast=0.158150; edge_density=0.122760; sharpness=0.003709
86,short,head_left,file-000.mp4,153,29480,982.666667,task_A_dataset_frame/outputs/frames_raw/short_head_left_file000_episode000153_frame029480_t982667.jpg,task_A_dataset_frame/outputs/frames_selected/600_baseline/short_head_left_file000_episode000153_frame029480_t982667.jpg,stratified_coverage,hard_score=0.110632; brightness=0.566605; contrast=0.161320; edge_density=0.123333; sharpness=0.003692
87,short,head_left,file-000.mp4,156,29960,998.666667,task_A_dataset_frame/outputs/frames_raw/short_head_left_file000_episode000156_frame029960_t998667.jpg,task_A_dataset_frame/outputs/frames_selected/600_baseline/short_head_left_file000_episode000156_frame029960_t998667.jpg,stratified_coverage,hard_score=0.116347; brightness=0.580122; contrast=0.159830; edge_density=0.121094; sharpness=0.003889
88,short,head_left,file-000.mp4,158,30440,1014.666667,task_A_dataset_frame/outputs/frames_raw/short_head_left_file000_episode000158_frame030440_t1014667.jpg,task_A_dataset_frame/outputs/frames_selected/600_baseline/short_head_left_file000_episode000158_frame030440_t1014667.jpg,stratified_coverage,hard_score=0.109189; brightness=0.559123; contrast=0.164383; edge_density=0.128438; sharpness=0.003748
89,short,head_left,file-000.mp4,161,30920,1030.666667,task_A_dataset_frame/outputs/frames_raw/short_head_left_file000_episode000161_frame030920_t1030667.jpg,task_A_dataset_frame/outputs/frames_selected/600_baseline/short_head_left_file000_episode000161_frame030920_t1030667.jpg,stratified_coverage,hard_score=0.116637; brightness=0.582934; contrast=0.157743; edge_density=0.119115; sharpness=0.003719
90,short,head_left,file-000.mp4,163,31320,1044.000000,task_A_dataset_frame/outputs/frames_raw/short_head_left_file000_episode000163_frame031320_t1044000.jpg,task_A_dataset_frame/outputs/frames_selected/600_baseline/short_head_left_file000_episode000163_frame031320_t1044000.jpg,stratified_coverage,hard_score=0.115614; brightness=0.579314; contrast=0.157202; edge_density=0.122188; sharpness=0.003623
91,short,head_left,file-000.mp4,165,31800,1060.000000,task_A_dataset_frame/outputs/frames_raw/short_head_left_file000_episode000165_frame031800_t1060000.jpg,task_A_dataset_frame/outputs/frames_selected/600_baseline/short_head_left_file000_episode000165_frame031800_t1060000.jpg,stratified_coverage,hard_score=0.113620; brightness=0.577407; contrast=0.156291; edge_density=0.119479; sharpness=0.003460
92,short,head_left,file-000.mp4,168,32280,1076.000000,task_A_dataset_frame/outputs/frames_raw/short_head_left_file000_episode000168_frame032280_t1076000.jpg,task_A_dataset_frame/outputs/frames_selected/600_baseline/short_head_left_file000_episode000168_frame032280_t1076000.jpg,stratified_coverage,hard_score=0.116343; brightness=0.578310; contrast=0.157254; edge_density=0.126250; sharpness=0.003634
93,short,head_left,file-000.mp4,169,32520,1084.000000,task_A_dataset_frame/outputs/frames_raw/short_head_left_file000_episode000169_frame032520_t1084000.jpg,task_A_dataset_frame/outputs/frames_selected/600_baseline/short_head_left_file000_episode000169_frame032520_t1084000.jpg,stratified_coverage,hard_score=0.116858; brightness=0.570639; contrast=0.161655; edge_density=0.137083; sharpness=0.003901
94,short,head_left,file-000.mp4,170,32680,1089.333333,task_A_dataset_frame/outputs/frames_raw/short_head_left_file000_episode000170_frame032680_t1089333.jpg,task_A_dataset_frame/outputs/frames_selected/600_baseline/short_head_left_file000_episode000170_frame032680_t1089333.jpg,stratified_coverage+visual_hard_candidate,hard_score=0.118199; brightness=0.571251; contrast=0.164421; edge_density=0.138229; sharpness=0.004041
95,short,head_left,file-000.mp4,170,32760,1092.000000,task_A_dataset_frame/outputs/frames_raw/short_head_left_file000_episode000170_frame032760_t1092000.jpg,task_A_dataset_frame/outputs/frames_selected/600_baseline/short_head_left_file000_episode000170_frame032760_t1092000.jpg,stratified_coverage,hard_score=0.114380; brightness=0.566941; contrast=0.163513; edge_density=0.133437; sharpness=0.003786
96,short,head_left,file-000.mp4,171,32840,1094.666667,task_A_dataset_frame/outputs/frames_raw/short_head_left_file000_episode000171_frame032840_t1094667.jpg,task_A_dataset_frame/outputs/frames_selected/600_baseline/short_head_left_file000_episode000171_frame032840_t1094667.jpg,stratified_coverage,hard_score=0.116848; brightness=0.581855; contrast=0.158057; edge_density=0.121354; sharpness=0.003772
97,short,head_left,file-000.mp4,172,33160,1105.333333,task_A_dataset_frame/outputs/frames_raw/short_head_left_file000_episode000172_frame033160_t1105333.jpg,task_A_dataset_frame/outputs/frames_selected/600_baseline/short_head_left_file000_episode000172_frame033160_t1105333.jpg,stratified_coverage,hard_score=0.108875; brightness=0.559880; contrast=0.166114; edge_density=0.124688; sharpness=0.003744
98,short,head_left,file-000.mp4,175,33640,1121.333333,task_A_dataset_frame/outputs/frames_raw/short_head_left_file000_episode000175_frame033640_t1121333.jpg,task_A_dataset_frame/outputs/frames_selected/600_baseline/short_head_left_file000_episode000175_frame033640_t1121333.jpg,stratified_coverage,hard_score=0.112998; brightness=0.566017; contrast=0.165586; edge_density=0.128646; sharpness=0.003803
99,short,head_left,file-000.mp4,176,33800,1126.666667,task_A_dataset_frame/outputs/frames_raw/short_head_left_file000_episode000176_frame033800_t1126667.jpg,task_A_dataset_frame/outputs/frames_selected/600_baseline/short_head_left_file000_episode000176_frame033800_t1126667.jpg,stratified_coverage+visual_hard_candidate,hard_score=0.118180; brightness=0.580751; contrast=0.160031; edge_density=0.125990; sharpness=0.004026
100,short,head_left,file-000.mp4,177,34120,1137.333333,task_A_dataset_frame/outputs/frames_raw/short_head_left_file000_episode000177_frame034120_t1137333.jpg,task_A_dataset_frame/outputs/frames_selected/600_baseline/short_head_left_file000_episode000177_frame034120_t1137333.jpg,stratified_coverage,hard_score=0.113202; brightness=0.581983; contrast=0.150340; edge_density=0.115417; sharpness=0.003441
101,short,head_left,file-000.mp4,180,34600,1153.333333,task_A_dataset_frame/outputs/frames_raw/short_head_left_file000_episode000180_frame034600_t1153333.jpg,task_A_dataset_frame/outputs/frames_selected/600_baseline/short_head_left_file000_episode000180_frame034600_t1153333.jpg,stratified_coverage,hard_score=0.113974; brightness=0.572612; contrast=0.160423; edge_density=0.125208; sharpness=0.003768
102,short,head_left,file-000.mp4,181,34760,1158.666667,task_A_dataset_frame/outputs/frames_raw/short_head_left_file000_episode000181_frame034760_t1158667.jpg,task_A_dataset_frame/outputs/frames_selected/600_baseline/short_head_left_file000_episode000181_frame034760_t1158667.jpg,stratified_coverage+visual_hard_candidate,hard_score=0.117673; brightness=0.581283; contrast=0.159377; edge_density=0.123958; sharpness=0.003944
103,short,head_left,file-000.mp4,182,35000,1166.666667,task_A_dataset_frame/outputs/frames_raw/short_head_left_file000_episode000182_frame035000_t1166667.jpg,task_A_dataset_frame/outputs/frames_selected/600_baseline/short_head_left_file000_episode000182_frame035000_t1166667.jpg,stratified_coverage+visual_hard_candidate,hard_score=0.119345; brightness=0.587406; contrast=0.151068; edge_density=0.126250; sharpness=0.003639
104,short,head_left,file-000.mp4,182,35080,1169.333333,task_A_dataset_frame/outputs/frames_raw/short_head_left_file000_episode000182_frame035080_t1169333.jpg,task_A_dataset_frame/outputs/frames_selected/600_baseline/short_head_left_file000_episode000182_frame035080_t1169333.jpg,stratified_coverage+visual_hard_candidate,hard_score=0.117290; brightness=0.583956; contrast=0.151748; edge_density=0.124583; sharpness=0.003653
105,short,head_left,file-000.mp4,184,35480,1182.666667,task_A_dataset_frame/outputs/frames_raw/short_head_left_file000_episode000184_frame035480_t1182667.jpg,task_A_dataset_frame/outputs/frames_selected/600_baseline/short_head_left_file000_episode000184_frame035480_t1182667.jpg,stratified_coverage,hard_score=0.109333; brightness=0.565998; contrast=0.161335; edge_density=0.120000; sharpness=0.003635
106,short,head_left,file-000.mp4,186,35720,1190.666667,task_A_dataset_frame/outputs/frames_raw/short_head_left_file000_episode000186_frame035720_t1190667.jpg,task_A_dataset_frame/outputs/frames_selected/600_baseline/short_head_left_file000_episode000186_frame035720_t1190667.jpg,stratified_coverage+visual_hard_candidate,hard_score=0.118319; brightness=0.580633; contrast=0.160821; edge_density=0.125990; sharpness=0.004049
107,short,head_left,file-000.mp4,187,35960,1198.666667,task_A_dataset_frame/outputs/frames_raw/short_head_left_file000_episode000187_frame035960_t1198667.jpg,task_A_dataset_frame/outputs/frames_selected/600_baseline/short_head_left_file000_episode000187_frame035960_t1198667.jpg,stratified_coverage,hard_score=0.111534; brightness=0.571150; contrast=0.158460; edge_density=0.121146; sharpness=0.003722
108,short,head_left,file-000.mp4,189,36440,1214.666667,task_A_dataset_frame/outputs/frames_raw/short_head_left_file000_episode000189_frame036440_t1214667.jpg,task_A_dataset_frame/outputs/frames_selected/600_baseline/short_head_left_file000_episode000189_frame036440_t1214667.jpg,stratified_coverage,hard_score=0.112804; brightness=0.581753; contrast=0.150458; edge_density=0.114375; sharpness=0.003430
109,short,head_left,file-000.mp4,191,36840,1228.000000,task_A_dataset_frame/outputs/frames_raw/short_head_left_file000_episode000191_frame036840_t1228000.jpg,task_A_dataset_frame/outputs/frames_selected/600_baseline/short_head_left_file000_episode000191_frame036840_t1228000.jpg,stratified_coverage,hard_score=0.110447; brightness=0.581645; contrast=0.148247; edge_density=0.108542; sharpness=0.003247
110,short,head_left,file-000.mp4,194,37320,1244.000000,task_A_dataset_frame/outputs/frames_raw/short_head_left_file000_episode000194_frame037320_t1244000.jpg,task_A_dataset_frame/outputs/frames_selected/600_baseline/short_head_left_file000_episode000194_frame037320_t1244000.jpg,stratified_coverage,hard_score=0.111735; brightness=0.568780; contrast=0.161629; edge_density=0.123125; sharpness=0.003769
111,short,head_left,file-000.mp4,196,37810,1260.333333,task_A_dataset_frame/outputs/frames_raw/short_head_left_file000_episode000196_frame037810_t1260333.jpg,task_A_dataset_frame/outputs/frames_selected/600_baseline/short_head_left_file000_episode000196_frame037810_t1260333.jpg,stratified_coverage,hard_score=0.112106; brightness=0.585467; contrast=0.145928; edge_density=0.109635; sharpness=0.003108
112,short,head_left,file-000.mp4,199,38210,1273.666667,task_A_dataset_frame/outputs/frames_raw/short_head_left_file000_episode000199_frame038210_t1273667.jpg,task_A_dataset_frame/outputs/frames_selected/600_baseline/short_head_left_file000_episode000199_frame038210_t1273667.jpg,stratified_coverage+visual_hard_candidate,hard_score=0.117639; brightness=0.584924; contrast=0.156206; edge_density=0.120417; sharpness=0.003570
113,short,head_left,file-000.mp4,199,38290,1276.333333,task_A_dataset_frame/outputs/frames_raw/short_head_left_file000_episode000199_frame038290_t1276333.jpg,task_A_dataset_frame/outputs/frames_selected/600_baseline/short_head_left_file000_episode000199_frame038290_t1276333.jpg,stratified_coverage,hard_score=0.110922; brightness=0.573807; contrast=0.155887; edge_density=0.116823; sharpness=0.003692
114,short,head_left,file-000.mp4,200,38450,1281.666667,task_A_dataset_frame/outputs/frames_raw/short_head_left_file000_episode000200_frame038450_t1281667.jpg,task_A_dataset_frame/outputs/frames_selected/600_baseline/short_head_left_file000_episode000200_frame038450_t1281667.jpg,stratified_coverage,hard_score=0.116997; brightness=0.584902; contrast=0.151433; edge_density=0.122292; sharpness=0.003612
115,short,head_left,file-000.mp4,201,38690,1289.666667,task_A_dataset_frame/outputs/frames_raw/short_head_left_file000_episode000201_frame038690_t1289667.jpg,task_A_dataset_frame/outputs/frames_selected/600_baseline/short_head_left_file000_episode000201_frame038690_t1289667.jpg,stratified_coverage+visual_hard_candidate,hard_score=0.117273; brightness=0.579224; contrast=0.156768; edge_density=0.128229; sharpness=0.003625
116,short,head_left,file-000.mp4,204,39170,1305.666667,task_A_dataset_frame/outputs/frames_raw/short_head_left_file000_episode000204_frame039170_t1305667.jpg,task_A_dataset_frame/outputs/frames_selected/600_baseline/short_head_left_file000_episode000204_frame039170_t1305667.jpg,stratified_coverage+visual_hard_candidate,hard_score=0.118294; brightness=0.585022; contrast=0.156820; edge_density=0.121927; sharpness=0.003634
117,short,head_left,file-000.mp4,204,39250,1308.333333,task_A_dataset_frame/outputs/frames_raw/short_head_left_file000_episode000204_frame039250_t1308333.jpg,task_A_dataset_frame/outputs/frames_selected/600_baseline/short_head_left_file000_episode000204_frame039250_t1308333.jpg,stratified_coverage,hard_score=0.116927; brightness=0.581309; contrast=0.155903; edge_density=0.124323; sharpness=0.003643
118,short,head_left,file-000.mp4,206,39650,1321.666667,task_A_dataset_frame/outputs/frames_raw/short_head_left_file000_episode000206_frame039650_t1321667.jpg,task_A_dataset_frame/outputs/frames_selected/600_baseline/short_head_left_file000_episode000206_frame039650_t1321667.jpg,stratified_coverage,hard_score=0.114354; brightness=0.576341; contrast=0.156857; edge_density=0.123229; sharpness=0.003597
119,short,head_left,file-000.mp4,207,39810,1327.000000,task_A_dataset_frame/outputs/frames_raw/short_head_left_file000_episode000207_frame039810_t1327000.jpg,task_A_dataset_frame/outputs/frames_selected/600_baseline/short_head_left_file000_episode000207_frame039810_t1327000.jpg,stratified_coverage+visual_hard_candidate,hard_score=0.119487; brightness=0.587924; contrast=0.151413; edge_density=0.125573; sharpness=0.003607
120,short,head_left,file-000.mp4,209,40130,1337.666667,task_A_dataset_frame/outputs/frames_raw/short_head_left_file000_episode000209_frame040130_t1337667.jpg,task_A_dataset_frame/outputs/frames_selected/600_baseline/short_head_left_file000_episode000209_frame040130_t1337667.jpg,stratified_coverage,hard_score=0.117080; brightness=0.585427; contrast=0.155905; edge_density=0.117969; sharpness=0.003426
121,short,head_left,file-000.mp4,211,40610,1353.666667,task_A_dataset_frame/outputs/frames_raw/short_head_left_file000_episode000211_frame040610_t1353667.jpg,task_A_dataset_frame/outputs/frames_selected/600_baseline/short_head_left_file000_episode000211_frame040610_t1353667.jpg,stratified_coverage,hard_score=0.116313; brightness=0.572237; contrast=0.160592; edge_density=0.133490; sharpness=0.003659
122,short,head_left,file-000.mp4,213,41010,1367.000000,task_A_dataset_frame/outputs/frames_raw/short_head_left_file000_episode000213_frame041010_t1367000.jpg,task_A_dataset_frame/outputs/frames_selected/600_baseline/short_head_left_file000_episode000213_frame041010_t1367000.jpg,stratified_coverage,hard_score=0.111339; brightness=0.571104; contrast=0.158147; edge_density=0.120833; sharpness=0.003561
123,short,head_left,file-000.mp4,214,41090,1369.666667,task_A_dataset_frame/outputs/frames_raw/short_head_left_file000_episode000214_frame041090_t1369667.jpg,task_A_dataset_frame/outputs/frames_selected/600_baseline/short_head_left_file000_episode000214_frame041090_t1369667.jpg,stratified_coverage+visual_hard_candidate,hard_score=0.120119; brightness=0.584024; contrast=0.160489; edge_density=0.126615; sharpness=0.003740
124,short,head_left,file-000.mp4,216,41490,1383.000000,task_A_dataset_frame/outputs/frames_raw/short_head_left_file000_episode000216_frame041490_t1383000.jpg,task_A_dataset_frame/outputs/frames_selected/600_baseline/short_head_left_file000_episode000216_frame041490_t1383000.jpg,stratified_coverage,hard_score=0.113562; brightness=0.571600; contrast=0.164546; edge_density=0.122083; sharpness=0.003944
125,short,head_left,file-000.mp4,218,41970,1399.000000,task_A_dataset_frame/outputs/frames_raw/short_head_left_file000_episode000218_frame041970_t1399000.jpg,task_A_dataset_frame/outputs/frames_selected/600_baseline/short_head_left_file000_episode000218_frame041970_t1399000.jpg,stratified_coverage,hard_score=0.110873; brightness=0.574578; contrast=0.153898; edge_density=0.117031; sharpness=0.003551
126,short,head_left,file-000.mp4,219,42050,1401.666667,task_A_dataset_frame/outputs/frames_raw/short_head_left_file000_episode000219_frame042050_t1401667.jpg,task_A_dataset_frame/outputs/frames_selected/600_baseline/short_head_left_file000_episode000219_frame042050_t1401667.jpg,stratified_coverage+visual_hard_candidate,hard_score=0.118306; brightness=0.582172; contrast=0.161381; edge_density=0.122917; sharpness=0.003715
127,short,head_left,file-000.mp4,221,42450,1415.000000,task_A_dataset_frame/outputs/frames_raw/short_head_left_file000_episode000221_frame042450_t1415000.jpg,task_A_dataset_frame/outputs/frames_selected/600_baseline/short_head_left_file000_episode000221_frame042450_t1415000.jpg,stratified_coverage,hard_score=0.115702; brightness=0.580505; contrast=0.158175; edge_density=0.119688; sharpness=0.003738
128,short,head_left,file-000.mp4,223,42850,1428.333333,task_A_dataset_frame/outputs/frames_raw/short_head_left_file000_episode000223_frame042850_t1428333.jpg,task_A_dataset_frame/outputs/frames_selected/600_baseline/short_head_left_file000_episode000223_frame042850_t1428333.jpg,stratified_coverage,hard_score=0.116073; brightness=0.573716; contrast=0.160547; edge_density=0.130260; sharpness=0.003843
129,short,head_left,file-000.mp4,224,43010,1433.666667,task_A_dataset_frame/outputs/frames_raw/short_head_left_file000_episode000224_frame043010_t1433667.jpg,task_A_dataset_frame/outputs/frames_selected/600_baseline/short_head_left_file000_episode000224_frame043010_t1433667.jpg,stratified_coverage+visual_hard_candidate,hard_score=0.118555; brightness=0.584918; contrast=0.156010; edge_density=0.123646; sharpness=0.003576
130,short,head_left,file-000.mp4,225,43330,1444.333333,task_A_dataset_frame/outputs/frames_raw/short_head_left_file000_episode000225_frame043330_t1444333.jpg,task_A_dataset_frame/outputs/frames_selected/600_baseline/short_head_left_file000_episode000225_frame043330_t1444333.jpg,stratified_coverage,hard_score=0.114631; brightness=0.579177; contrast=0.155169; edge_density=0.120833; sharpness=0.003579
131,short,head_left,file-000.mp4,228,43810,1460.333333,task_A_dataset_frame/outputs/frames_raw/short_head_left_file000_episode000228_frame043810_t1460333.jpg,task_A_dataset_frame/outputs/frames_selected/600_baseline/short_head_left_file000_episode000228_frame043810_t1460333.jpg,stratified_coverage,hard_score=0.114919; brightness=0.579812; contrast=0.154052; edge_density=0.121667; sharpness=0.003625
132,short,head_left,file-000.mp4,229,43970,1465.666667,task_A_dataset_frame/outputs/frames_raw/short_head_left_file000_episode000229_frame043970_t1465667.jpg,task_A_dataset_frame/outputs/frames_selected/600_baseline/short_head_left_file000_episode000229_frame043970_t1465667.jpg,stratified_coverage+visual_hard_candidate,hard_score=0.119697; brightness=0.582700; contrast=0.161452; edge_density=0.126615; sharpness=0.003674
133,short,head_left,file-000.mp4,230,44290,1476.333333,task_A_dataset_frame/outputs/frames_raw/short_head_left_file000_episode000230_frame044290_t1476333.jpg,task_A_dataset_frame/outputs/frames_selected/600_baseline/short_head_left_file000_episode000230_frame044290_t1476333.jpg,stratified_coverage,hard_score=0.111684; brightness=0.575314; contrast=0.153608; edge_density=0.118750; sharpness=0.003405
134,short,head_left,file-000.mp4,232,44690,1489.666667,task_A_dataset_frame/outputs/frames_raw/short_head_left_file000_episode000232_frame044690_t1489667.jpg,task_A_dataset_frame/outputs/frames_selected/600_baseline/short_head_left_file000_episode000232_frame044690_t1489667.jpg,stratified_coverage,hard_score=0.109735; brightness=0.563758; contrast=0.163736; edge_density=0.123073; sharpness=0.003713
135,short,head_left,file-000.mp4,234,44930,1497.666667,task_A_dataset_frame/outputs/frames_raw/short_head_left_file000_episode000234_frame044930_t1497667.jpg,task_A_dataset_frame/outputs/frames_selected/600_baseline/short_head_left_file000_episode000234_frame044930_t1497667.jpg,stratified_coverage+visual_hard_candidate,hard_score=0.119059; brightness=0.583108; contrast=0.160084; edge_density=0.124948; sharpness=0.003627
136,short,head_left,file-000.mp4,234,45010,1500.333333,task_A_dataset_frame/outputs/frames_raw/short_head_left_file000_episode000234_frame045010_t1500333.jpg,task_A_dataset_frame/outputs/frames_selected/600_baseline/short_head_left_file000_episode000234_frame045010_t1500333.jpg,stratified_coverage+visual_hard_candidate,hard_score=0.117724; brightness=0.573643; contrast=0.160861; edge_density=0.135625; sharpness=0.003795
137,short,head_left,file-000.mp4,235,45170,1505.666667,task_A_dataset_frame/outputs/frames_raw/short_head_left_file000_episode000235_frame045170_t1505667.jpg,task_A_dataset_frame/outputs/frames_selected/600_baseline/short_head_left_file000_episode000235_frame045170_t1505667.jpg,stratified_coverage,hard_score=0.110864; brightness=0.562495; contrast=0.165467; edge_density=0.127500; sharpness=0.003836
138,short,head_left,file-000.mp4,236,45410,1513.666667,task_A_dataset_frame/outputs/frames_raw/short_head_left_file000_episode000236_frame045410_t1513667.jpg,task_A_dataset_frame/outputs/frames_selected/600_baseline/short_head_left_file000_episode000236_frame045410_t1513667.jpg,stratified_coverage,hard_score=0.116953; brightness=0.575381; contrast=0.159362; edge_density=0.131406; sharpness=0.003658
139,short,head_left,file-000.mp4,237,45650,1521.666667,task_A_dataset_frame/outputs/frames_raw/short_head_left_file000_episode000237_frame045650_t1521667.jpg,task_A_dataset_frame/outputs/frames_selected/600_baseline/short_head_left_file000_episode000237_frame045650_t1521667.jpg,stratified_coverage,hard_score=0.109795; brightness=0.564935; contrast=0.164374; edge_density=0.120781; sharpness=0.003598
140,short,head_left,file-000.mp4,239,45890,1529.666667,task_A_dataset_frame/outputs/frames_raw/short_head_left_file000_episode000239_frame045890_t1529667.jpg,task_A_dataset_frame/outputs/frames_selected/600_baseline/short_head_left_file000_episode000239_frame045890_t1529667.jpg,stratified_coverage+visual_hard_candidate,hard_score=0.119689; brightness=0.583233; contrast=0.161414; edge_density=0.125729; sharpness=0.003795
141,short,head_left,file-000.mp4,240,46140,1538.000000,task_A_dataset_frame/outputs/frames_raw/short_head_left_file000_episode000240_frame046140_t1538000.jpg,task_A_dataset_frame/outputs/frames_selected/600_baseline/short_head_left_file000_episode000240_frame046140_t1538000.jpg,stratified_coverage,hard_score=0.115548; brightness=0.578552; contrast=0.156338; edge_density=0.123958; sharpness=0.003542
142,short,head_left,file-000.mp4,242,46540,1551.333333,task_A_dataset_frame/outputs/frames_raw/short_head_left_file000_episode000242_frame046540_t1551333.jpg,task_A_dataset_frame/outputs/frames_selected/600_baseline/short_head_left_file000_episode000242_frame046540_t1551333.jpg,stratified_coverage,hard_score=0.113714; brightness=0.571668; contrast=0.159208; edge_density=0.126927; sharpness=0.003765
143,short,head_left,file-000.mp4,244,47020,1567.333333,task_A_dataset_frame/outputs/frames_raw/short_head_left_file000_episode000244_frame047020_t1567333.jpg,task_A_dataset_frame/outputs/frames_selected/600_baseline/short_head_left_file000_episode000244_frame047020_t1567333.jpg,stratified_coverage,hard_score=0.111673; brightness=0.583089; contrast=0.148325; edge_density=0.110156; sharpness=0.003134
144,short,head_left,file-000.mp4,247,47500,1583.333333,task_A_dataset_frame/outputs/frames_raw/short_head_left_file000_episode000247_frame047500_t1583333.jpg,task_A_dataset_frame/outputs/frames_selected/600_baseline/short_head_left_file000_episode000247_frame047500_t1583333.jpg,stratified_coverage,hard_score=0.112138; brightness=0.571125; contrast=0.159053; edge_density=0.122708; sharpness=0.003766
145,short,head_left,file-000.mp4,249,47980,1599.333333,task_A_dataset_frame/outputs/frames_raw/short_head_left_file000_episode000249_frame047980_t1599333.jpg,task_A_dataset_frame/outputs/frames_selected/600_baseline/short_head_left_file000_episode000249_frame047980_t1599333.jpg,stratified_coverage,hard_score=0.109408; brightness=0.580862; contrast=0.146346; edge_density=0.107969; sharpness=0.003225
146,short,head_left,file-000.mp4,251,48380,1612.666667,task_A_dataset_frame/outputs/frames_raw/short_head_left_file000_episode000251_frame048380_t1612667.jpg,task_A_dataset_frame/outputs/frames_selected/600_baseline/short_head_left_file000_episode000251_frame048380_t1612667.jpg,stratified_coverage,hard_score=0.110868; brightness=0.588455; contrast=0.144311; edge_density=0.101875; sharpness=0.002989
147,short,head_left,file-000.mp4,254,48860,1628.666667,task_A_dataset_frame/outputs/frames_raw/short_head_left_file000_episode000254_frame048860_t1628667.jpg,task_A_dataset_frame/outputs/frames_selected/600_baseline/short_head_left_file000_episode000254_frame048860_t1628667.jpg,stratified_coverage,hard_score=0.115306; brightness=0.571677; contrast=0.157431; edge_density=0.133698; sharpness=0.003683
148,short,head_left,file-000.mp4,256,49340,1644.666667,task_A_dataset_frame/outputs/frames_raw/short_head_left_file000_episode000256_frame049340_t1644667.jpg,task_A_dataset_frame/outputs/frames_selected/600_baseline/short_head_left_file000_episode000256_frame049340_t1644667.jpg,stratified_coverage,hard_score=0.111636; brightness=0.587111; contrast=0.145447; edge_density=0.105729; sharpness=0.003062
149,short,head_left,file-000.mp4,259,49740,1658.000000,task_A_dataset_frame/outputs/frames_raw/short_head_left_file000_episode000259_frame049740_t1658000.jpg,task_A_dataset_frame/outputs/frames_selected/600_baseline/short_head_left_file000_episode000259_frame049740_t1658000.jpg,stratified_coverage,hard_score=0.117102; brightness=0.580793; contrast=0.159197; edge_density=0.123021; sharpness=0.003898
150,short,head_left,file-000.mp4,259,49820,1660.666667,task_A_dataset_frame/outputs/frames_raw/short_head_left_file000_episode000259_frame049820_t1660667.jpg,task_A_dataset_frame/outputs/frames_selected/600_baseline/short_head_left_file000_episode000259_frame049820_t1660667.jpg,stratified_coverage,hard_score=0.113720; brightness=0.575136; contrast=0.156795; edge_density=0.123177; sharpness=0.003567
151,short,head_left,file-000.mp4,261,50220,1674.000000,task_A_dataset_frame/outputs/frames_raw/short_head_left_file000_episode000261_frame050220_t1674000.jpg,task_A_dataset_frame/outputs/frames_selected/600_baseline/short_head_left_file000_episode000261_frame050220_t1674000.jpg,stratified_coverage,hard_score=0.109564; brightness=0.566852; contrast=0.161428; edge_density=0.119271; sharpness=0.003619
152,short,head_left,file-000.mp4,264,50700,1690.000000,task_A_dataset_frame/outputs/frames_raw/short_head_left_file000_episode000264_frame050700_t1690000.jpg,task_A_dataset_frame/outputs/frames_selected/600_baseline/short_head_left_file000_episode000264_frame050700_t1690000.jpg,stratified_coverage,hard_score=0.116547; brightness=0.581416; contrast=0.157980; edge_density=0.121146; sharpness=0.003740
153,short,head_left,file-000.mp4,266,51180,1706.000000,task_A_dataset_frame/outputs/frames_raw/short_head_left_file000_episode000266_frame051180_t1706000.jpg,task_A_dataset_frame/outputs/frames_selected/600_baseline/short_head_left_file000_episode000266_frame051180_t1706000.jpg,stratified_coverage,hard_score=0.111325; brightness=0.571510; contrast=0.156655; edge_density=0.121354; sharpness=0.003498
154,short,head_left,file-000.mp4,267,51340,1711.333333,task_A_dataset_frame/outputs/frames_raw/short_head_left_file000_episode000267_frame051340_t1711333.jpg,task_A_dataset_frame/outputs/frames_selected/600_baseline/short_head_left_file000_episode000267_frame051340_t1711333.jpg,stratified_coverage+visual_hard_candidate,hard_score=0.117448; brightness=0.583962; contrast=0.154115; edge_density=0.123125; sharpness=0.003595
155,short,head_left,file-000.mp4,269,51660,1722.000000,task_A_dataset_frame/outputs/frames_raw/short_head_left_file000_episode000269_frame051660_t1722000.jpg,task_A_dataset_frame/outputs/frames_selected/600_baseline/short_head_left_file000_episode000269_frame051660_t1722000.jpg,stratified_coverage,hard_score=0.116532; brightness=0.578571; contrast=0.160862; edge_density=0.123438; sharpness=0.003999
156,short,head_left,file-000.mp4,271,52060,1735.333333,task_A_dataset_frame/outputs/frames_raw/short_head_left_file000_episode000271_frame052060_t1735333.jpg,task_A_dataset_frame/outputs/frames_selected/600_baseline/short_head_left_file000_episode000271_frame052060_t1735333.jpg,stratified_coverage,hard_score=0.114689; brightness=0.575861; contrast=0.160221; edge_density=0.122344; sharpness=0.003910
157,short,head_left,file-000.mp4,273,52540,1751.333333,task_A_dataset_frame/outputs/frames_raw/short_head_left_file000_episode000273_frame052540_t1751333.jpg,task_A_dataset_frame/outputs/frames_selected/600_baseline/short_head_left_file000_episode000273_frame052540_t1751333.jpg,stratified_coverage,hard_score=0.109430; brightness=0.558699; contrast=0.165259; edge_density=0.129219; sharpness=0.003759
158,short,head_left,file-000.mp4,276,53020,1767.333333,task_A_dataset_frame/outputs/frames_raw/short_head_left_file000_episode000276_frame053020_t1767333.jpg,task_A_dataset_frame/outputs/frames_selected/600_baseline/short_head_left_file000_episode000276_frame053020_t1767333.jpg,stratified_coverage+visual_hard_candidate,hard_score=0.123654; brightness=0.579303; contrast=0.160446; edge_density=0.146302; sharpness=0.004167
159,short,head_left,file-000.mp4,276,53100,1770.000000,task_A_dataset_frame/outputs/frames_raw/short_head_left_file000_episode000276_frame053100_t1770000.jpg,task_A_dataset_frame/outputs/frames_selected/600_baseline/short_head_left_file000_episode000276_frame053100_t1770000.jpg,stratified_coverage+visual_hard_candidate,hard_score=0.119852; brightness=0.584058; contrast=0.156982; edge_density=0.128594; sharpness=0.003482
160,short,head_left,file-000.mp4,278,53500,1783.333333,task_A_dataset_frame/outputs/frames_raw/short_head_left_file000_episode000278_frame053500_t1783333.jpg,task_A_dataset_frame/outputs/frames_selected/600_baseline/short_head_left_file000_episode000278_frame053500_t1783333.jpg,stratified_coverage,hard_score=0.113615; brightness=0.584022; contrast=0.149040; edge_density=0.114479; sharpness=0.003305
161,short,head_left,file-000.mp4,280,53900,1796.666667,task_A_dataset_frame/outputs/frames_raw/short_head_left_file000_episode000280_frame053900_t1796667.jpg,task_A_dataset_frame/outputs/frames_selected/600_baseline/short_head_left_file000_episode000280_frame053900_t1796667.jpg,stratified_coverage,hard_score=0.112841; brightness=0.581984; contrast=0.149771; edge_density=0.114687; sharpness=0.003310
162,short,head_left,file-000.mp4,283,54390,1813.000000,task_A_dataset_frame/outputs/frames_raw/short_head_left_file000_episode000283_frame054390_t1813000.jpg,task_A_dataset_frame/outputs/frames_selected/600_baseline/short_head_left_file000_episode000283_frame054390_t1813000.jpg,stratified_coverage+visual_hard_candidate,hard_score=0.118138; brightness=0.586993; contrast=0.150818; edge_density=0.123125; sharpness=0.003515
163,short,head_left,file-000.mp4,285,54870,1829.000000,task_A_dataset_frame/outputs/frames_raw/short_head_left_file000_episode000285_frame054870_t1829000.jpg,task_A_dataset_frame/outputs/frames_selected/600_baseline/short_head_left_file000_episode000285_frame054870_t1829000.jpg,stratified_coverage,hard_score=0.111584; brightness=0.566984; contrast=0.163304; edge_density=0.124219; sharpness=0.003763
164,short,head_left,file-000.mp4,287,55110,1837.000000,task_A_dataset_frame/outputs/frames_raw/short_head_left_file000_episode000287_frame055110_t1837000.jpg,task_A_dataset_frame/outputs/frames_selected/600_baseline/short_head_left_file000_episode000287_frame055110_t1837000.jpg,stratified_coverage+visual_hard_candidate,hard_score=0.118674; brightness=0.583171; contrast=0.155981; edge_density=0.126979; sharpness=0.003829
165,short,head_left,file-000.mp4,288,55350,1845.000000,task_A_dataset_frame/outputs/frames_raw/short_head_left_file000_episode000288_frame055350_t1845000.jpg,task_A_dataset_frame/outputs/frames_selected/600_baseline/short_head_left_file000_episode000288_frame055350_t1845000.jpg,stratified_coverage+visual_hard_candidate,hard_score=0.117528; brightness=0.578537; contrast=0.158912; edge_density=0.128438; sharpness=0.003830
166,short,head_left,file-000.mp4,290,55750,1858.333333,task_A_dataset_frame/outputs/frames_raw/short_head_left_file000_episode000290_frame055750_t1858333.jpg,task_A_dataset_frame/outputs/frames_selected/600_baseline/short_head_left_file000_episode000290_frame055750_t1858333.jpg,stratified_coverage,hard_score=0.114282; brightness=0.577447; contrast=0.155860; edge_density=0.121979; sharpness=0.003507
167,short,head_left,file-000.mp4,292,56070,1869.000000,task_A_dataset_frame/outputs/frames_raw/short_head_left_file000_episode000292_frame056070_t1869000.jpg,task_A_dataset_frame/outputs/frames_selected/600_baseline/short_head_left_file000_episode000292_frame056070_t1869000.jpg,stratified_coverage+visual_hard_candidate,hard_score=0.118119; brightness=0.581873; contrast=0.158669; edge_density=0.125052; sharpness=0.003981
168,short,head_left,file-000.mp4,292,56230,1874.333333,task_A_dataset_frame/outputs/frames_raw/short_head_left_file000_episode000292_frame056230_t1874333.jpg,task_A_dataset_frame/outputs/frames_selected/600_baseline/short_head_left_file000_episode000292_frame056230_t1874333.jpg,stratified_coverage,hard_score=0.110994; brightness=0.575978; contrast=0.153395; edge_density=0.115521; sharpness=0.003447
169,short,head_left,file-000.mp4,293,56310,1877.000000,task_A_dataset_frame/outputs/frames_raw/short_head_left_file000_episode000293_frame056310_t1877000.jpg,task_A_dataset_frame/outputs/frames_selected/600_baseline/short_head_left_file000_episode000293_frame056310_t1877000.jpg,stratified_coverage+visual_hard_candidate,hard_score=0.120113; brightness=0.574536; contrast=0.162754; edge_density=0.140521; sharpness=0.003982
170,short,head_left,file-000.mp4,293,56390,1879.666667,task_A_dataset_frame/outputs/frames_raw/short_head_left_file000_episode000293_frame056390_t1879667.jpg,task_A_dataset_frame/outputs/frames_selected/600_baseline/short_head_left_file000_episode000293_frame056390_t1879667.jpg,stratified_coverage+visual_hard_candidate,hard_score=0.117553; brightness=0.571672; contrast=0.163932; edge_density=0.135781; sharpness=0.003947
171,short,head_left,file-000.mp4,295,56710,1890.333333,task_A_dataset_frame/outputs/frames_raw/short_head_left_file000_episode000295_frame056710_t1890333.jpg,task_A_dataset_frame/outputs/frames_selected/600_baseline/short_head_left_file000_episode000295_frame056710_t1890333.jpg,stratified_coverage,hard_score=0.113948; brightness=0.575894; contrast=0.155317; edge_density=0.123906; sharpness=0.003656
172,short,head_left,file-000.mp4,297,57030,1901.000000,task_A_dataset_frame/outputs/frames_raw/short_head_left_file000_episode000297_frame057030_t1901000.jpg,task_A_dataset_frame/outputs/frames_selected/600_baseline/short_head_left_file000_episode000297_frame057030_t1901000.jpg,stratified_coverage+visual_hard_candidate,hard_score=0.117712; brightness=0.581320; contrast=0.157584; edge_density=0.125521; sharpness=0.003873
173,short,head_left,file-000.mp4,297,57190,1906.333333,task_A_dataset_frame/outputs/frames_raw/short_head_left_file000_episode000297_frame057190_t1906333.jpg,task_A_dataset_frame/outputs/frames_selected/600_baseline/short_head_left_file000_episode000297_frame057190_t1906333.jpg,stratified_coverage,hard_score=0.113020; brightness=0.581430; contrast=0.148908; edge_density=0.116927; sharpness=0.003422
174,short,head_left,file-000.mp4,299,57590,1919.666667,task_A_dataset_frame/outputs/frames_raw/short_head_left_file000_episode000299_frame057590_t1919667.jpg,task_A_dataset_frame/outputs/frames_selected/600_baseline/short_head_left_file000_episode000299_frame057590_t1919667.jpg,stratified_coverage,hard_score=0.110423; brightness=0.586585; contrast=0.144898; edge_density=0.103021; sharpness=0.002987
175,short,head_left,file-000.mp4,302,57990,1933.000000,task_A_dataset_frame/outputs/frames_raw/short_head_left_file000_episode000302_frame057990_t1933000.jpg,task_A_dataset_frame/outputs/frames_selected/600_baseline/short_head_left_file000_episode000302_frame057990_t1933000.jpg,stratified_coverage+visual_hard_candidate,hard_score=0.117909; brightness=0.583324; contrast=0.158050; edge_density=0.122448; sharpness=0.003738
176,short,head_left,file-000.mp4,302,58070,1935.666667,task_A_dataset_frame/outputs/frames_raw/short_head_left_file000_episode000302_frame058070_t1935667.jpg,task_A_dataset_frame/outputs/frames_selected/600_baseline/short_head_left_file000_episode000302_frame058070_t1935667.jpg,stratified_coverage,hard_score=0.111873; brightness=0.574510; contrast=0.155160; edge_density=0.119427; sharpness=0.003519
177,short,head_left,file-000.mp4,304,58390,1946.333333,task_A_dataset_frame/outputs/frames_raw/short_head_left_file000_episode000304_frame058390_t1946333.jpg,task_A_dataset_frame/outputs/frames_selected/600_baseline/short_head_left_file000_episode000304_frame058390_t1946333.jpg,stratified_coverage,hard_score=0.116878; brightness=0.573650; contrast=0.165089; edge_density=0.129271; sharpness=0.004151
178,short,head_left,file-000.mp4,304,58550,1951.666667,task_A_dataset_frame/outputs/frames_raw/short_head_left_file000_episode000304_frame058550_t1951667.jpg,task_A_dataset_frame/outputs/frames_selected/600_baseline/short_head_left_file000_episode000304_frame058550_t1951667.jpg,stratified_coverage,hard_score=0.112594; brightness=0.586717; contrast=0.146130; edge_density=0.109010; sharpness=0.003158
179,short,head_left,file-001.mp4,307,480,16.000000,task_A_dataset_frame/outputs/frames_raw/short_head_left_file001_episode000307_frame000480_t016000.jpg,task_A_dataset_frame/outputs/frames_selected/600_baseline/short_head_left_file001_episode000307_frame000480_t016000.jpg,stratified_coverage,hard_score=0.109339; brightness=0.564931; contrast=0.163743; edge_density=0.119792; sharpness=0.003536
180,short,head_left,file-001.mp4,308,640,21.333333,task_A_dataset_frame/outputs/frames_raw/short_head_left_file001_episode000308_frame000640_t021333.jpg,task_A_dataset_frame/outputs/frames_selected/600_baseline/short_head_left_file001_episode000308_frame000640_t021333.jpg,stratified_coverage+visual_hard_candidate,hard_score=0.118492; brightness=0.588516; contrast=0.149873; edge_density=0.122552; sharpness=0.003445
181,short,head_left,file-001.mp4,312,1360,45.333333,task_A_dataset_frame/outputs/frames_raw/short_head_left_file001_episode000312_frame001360_t045333.jpg,task_A_dataset_frame/outputs/frames_selected/600_baseline/short_head_left_file001_episode000312_frame001360_t045333.jpg,stratified_coverage,hard_score=0.115146; brightness=0.575826; contrast=0.161869; edge_density=0.122552; sharpness=0.003988
182,short,head_left,file-001.mp4,313,1600,53.333333,task_A_dataset_frame/outputs/frames_raw/short_head_left_file001_episode000313_frame001600_t053333.jpg,task_A_dataset_frame/outputs/frames_selected/600_baseline/short_head_left_file001_episode000313_frame001600_t053333.jpg,stratified_coverage+visual_hard_candidate,hard_score=0.119829; brightness=0.585950; contrast=0.153543; edge_density=0.128229; sharpness=0.003697
183,short,head_left,file-001.mp4,313,1680,56.000000,task_A_dataset_frame/outputs/frames_raw/short_head_left_file001_episode000313_frame001680_t056000.jpg,task_A_dataset_frame/outputs/frames_selected/600_baseline/short_head_left_file001_episode000313_frame001680_t056000.jpg,stratified_coverage+visual_hard_candidate,hard_score=0.117467; brightness=0.583578; contrast=0.152085; edge_density=0.125521; sharpness=0.003591
184,short,head_left,file-001.mp4,314,1840,61.333333,task_A_dataset_frame/outputs/frames_raw/short_head_left_file001_episode000314_frame001840_t061333.jpg,task_A_dataset_frame/outputs/frames_selected/600_baseline/short_head_left_file001_episode000314_frame001840_t061333.jpg,stratified_coverage,hard_score=0.112000; brightness=0.575266; contrast=0.154779; edge_density=0.118906; sharpness=0.003631
185,short,head_left,file-001.mp4,317,2320,77.333333,task_A_dataset_frame/outputs/frames_raw/short_head_left_file001_episode000317_frame002320_t077333.jpg,task_A_dataset_frame/outputs/frames_selected/600_baseline/short_head_left_file001_episode000317_frame002320_t077333.jpg,stratified_coverage,hard_score=0.115750; brightness=0.582382; contrast=0.154984; edge_density=0.119375; sharpness=0.003740
186,short,head_left,file-001.mp4,319,2800,93.333333,task_A_dataset_frame/outputs/frames_raw/short_head_left_file001_episode000319_frame002800_t093333.jpg,task_A_dataset_frame/outputs/frames_selected/600_baseline/short_head_left_file001_episode000319_frame002800_t093333.jpg,stratified_coverage,hard_score=0.110992; brightness=0.571347; contrast=0.157337; edge_density=0.119948; sharpness=0.003488
187,short,head_left,file-001.mp4,321,3200,106.666667,task_A_dataset_frame/outputs/frames_raw/short_head_left_file001_episode000321_frame003200_t106667.jpg,task_A_dataset_frame/outputs/frames_selected/600_baseline/short_head_left_file001_episode000321_frame003200_t106667.jpg,stratified_coverage,hard_score=0.112003; brightness=0.577379; contrast=0.154190; edge_density=0.115885; sharpness=0.003398
188,short,head_left,file-001.mp4,323,3520,117.333333,task_A_dataset_frame/outputs/frames_raw/short_head_left_file001_episode000323_frame003520_t117333.jpg,task_A_dataset_frame/outputs/frames_selected/600_baseline/short_head_left_file001_episode000323_frame003520_t117333.jpg,stratified_coverage+visual_hard_candidate,hard_score=0.117396; brightness=0.590003; contrast=0.148765; edge_density=0.117344; sharpness=0.003530
189,short,head_left,file-001.mp4,324,3680,122.666667,task_A_dataset_frame/outputs/frames_raw/short_head_left_file001_episode000324_frame003680_t122667.jpg,task_A_dataset_frame/outputs/frames_selected/600_baseline/short_head_left_file001_episode000324_frame003680_t122667.jpg,stratified_coverage,hard_score=0.114212; brightness=0.576085; contrast=0.159491; edge_density=0.120990; sharpness=0.003815
190,short,head_left,file-001.mp4,326,4160,138.666667,task_A_dataset_frame/outputs/frames_raw/short_head_left_file001_episode000326_frame004160_t138667.jpg,task_A_dataset_frame/outputs/frames_selected/600_baseline/short_head_left_file001_episode000326_frame004160_t138667.jpg,stratified_coverage,hard_score=0.110115; brightness=0.567811; contrast=0.158777; edge_density=0.121719; sharpness=0.003661
191,short,head_left,file-001.mp4,327,4330,144.333333,task_A_dataset_frame/outputs/frames_raw/short_head_left_file001_episode000327_frame004330_t144333.jpg,task_A_dataset_frame/outputs/frames_selected/600_baseline/short_head_left_file001_episode000327_frame004330_t144333.jpg,stratified_coverage+visual_hard_candidate,hard_score=0.117400; brightness=0.581059; contrast=0.155983; edge_density=0.126250; sharpness=0.003584
192,short,head_left,file-001.mp4,329,4650,155.000000,task_A_dataset_frame/outputs/frames_raw/short_head_left_file001_episode000329_frame004650_t155000.jpg,task_A_dataset_frame/outputs/frames_selected/600_baseline/short_head_left_file001_episode000329_frame004650_t155000.jpg,stratified_coverage,hard_score=0.112004; brightness=0.565608; contrast=0.166425; edge_density=0.125312; sharpness=0.003758
193,short,head_left,file-001.mp4,331,5050,168.333333,task_A_dataset_frame/outputs/frames_raw/short_head_left_file001_episode000331_frame005050_t168333.jpg,task_A_dataset_frame/outputs/frames_selected/600_baseline/short_head_left_file001_episode000331_frame005050_t168333.jpg,stratified_coverage,hard_score=0.114303; brightness=0.583364; contrast=0.151983; edge_density=0.115417; sharpness=0.003533
194,short,head_left,file-001.mp4,333,5530,184.333333,task_A_dataset_frame/outputs/frames_raw/short_head_left_file001_episode000333_frame005530_t184333.jpg,task_A_dataset_frame/outputs/frames_selected/600_baseline/short_head_left_file001_episode000333_frame005530_t184333.jpg,stratified_coverage,hard_score=0.113183; brightness=0.577706; contrast=0.154132; edge_density=0.119323; sharpness=0.003453
195,short,head_left,file-001.mp4,336,6010,200.333333,task_A_dataset_frame/outputs/frames_raw/short_head_left_file001_episode000336_frame006010_t200333.jpg,task_A_dataset_frame/outputs/frames_selected/600_baseline/short_head_left_file001_episode000336_frame006010_t200333.jpg,stratified_coverage,hard_score=0.110171; brightness=0.562245; contrast=0.165508; edge_density=0.125573; sharpness=0.003745
196,short,head_left,file-001.mp4,338,6410,213.666667,task_A_dataset_frame/outputs/frames_raw/short_head_left_file001_episode000338_frame006410_t213667.jpg,task_A_dataset_frame/outputs/frames_selected/600_baseline/short_head_left_file001_episode000338_frame006410_t213667.jpg,stratified_coverage+visual_hard_candidate,hard_score=0.118018; brightness=0.583562; contrast=0.155322; edge_density=0.124688; sharpness=0.003596
197,short,head_left,file-001.mp4,338,6490,216.333333,task_A_dataset_frame/outputs/frames_raw/short_head_left_file001_episode000338_frame006490_t216333.jpg,task_A_dataset_frame/outputs/frames_selected/600_baseline/short_head_left_file001_episode000338_frame006490_t216333.jpg,stratified_coverage,hard_score=0.113618; brightness=0.583080; contrast=0.150501; edge_density=0.114844; sharpness=0.003459
198,short,head_left,file-001.mp4,340,6890,229.666667,task_A_dataset_frame/outputs/frames_raw/short_head_left_file001_episode000340_frame006890_t229667.jpg,task_A_dataset_frame/outputs/frames_selected/600_baseline/short_head_left_file001_episode000340_frame006890_t229667.jpg,stratified_coverage,hard_score=0.112063; brightness=0.581202; contrast=0.148847; edge_density=0.114167; sharpness=0.003308
199,short,head_left,file-001.mp4,343,7370,245.666667,task_A_dataset_frame/outputs/frames_raw/short_head_left_file001_episode000343_frame007370_t245667.jpg,task_A_dataset_frame/outputs/frames_selected/600_baseline/short_head_left_file001_episode000343_frame007370_t245667.jpg,stratified_coverage,hard_score=0.113715; brightness=0.573271; contrast=0.158194; edge_density=0.125104; sharpness=0.003700
200,short,head_left,file-001.mp4,345,7850,261.666667,task_A_dataset_frame/outputs/frames_raw/short_head_left_file001_episode000345_frame007850_t261667.jpg,task_A_dataset_frame/outputs/frames_selected/600_baseline/short_head_left_file001_episode000345_frame007850_t261667.jpg,stratified_coverage,hard_score=0.112002; brightness=0.584677; contrast=0.147717; edge_density=0.109115; sharpness=0.003184
201,short,head_left,file-001.mp4,348,8330,277.666667,task_A_dataset_frame/outputs/frames_raw/short_head_left_file001_episode000348_frame008330_t277667.jpg,task_A_dataset_frame/outputs/frames_selected/600_baseline/short_head_left_file001_episode000348_frame008330_t277667.jpg,stratified_coverage,hard_score=0.110276; brightness=0.568071; contrast=0.160650; edge_density=0.120260; sharpness=0.003549
202,short,head_left,file-001.mp4,349,8490,283.000000,task_A_dataset_frame/outputs/frames_raw/short_head_left_file001_episode000349_frame008490_t283000.jpg,task_A_dataset_frame/outputs/frames_selected/600_baseline/short_head_left_file001_episode000349_frame008490_t283000.jpg,stratified_coverage+visual_hard_candidate,hard_score=0.119329; brightness=0.586703; contrast=0.152533; edge_density=0.126146; sharpness=0.003597
203,short,head_left,file-001.mp4,349,8570,285.666667,task_A_dataset_frame/outputs/frames_raw/short_head_left_file001_episode000349_frame008570_t285667.jpg,task_A_dataset_frame/outputs/frames_selected/600_baseline/short_head_left_file001_episode000349_frame008570_t285667.jpg,stratified_coverage+visual_hard_candidate,hard_score=0.119405; brightness=0.586495; contrast=0.152758; edge_density=0.126562; sharpness=0.003450
204,short,head_left,file-001.mp4,350,8730,291.000000,task_A_dataset_frame/outputs/frames_raw/short_head_left_file001_episode000350_frame008730_t291000.jpg,task_A_dataset_frame/outputs/frames_selected/600_baseline/short_head_left_file001_episode000350_frame008730_t291000.jpg,stratified_coverage,hard_score=0.116848; brightness=0.574025; contrast=0.159969; edge_density=0.132812; sharpness=0.003762
205,short,head_left,file-001.mp4,351,8890,296.333333,task_A_dataset_frame/outputs/frames_raw/short_head_left_file001_episode000351_frame008890_t296333.jpg,task_A_dataset_frame/outputs/frames_selected/600_baseline/short_head_left_file001_episode000351_frame008890_t296333.jpg,stratified_coverage+visual_hard_candidate,hard_score=0.117476; brightness=0.570067; contrast=0.163018; edge_density=0.138958; sharpness=0.004002
206,short,head_left,file-001.mp4,352,9130,304.333333,task_A_dataset_frame/outputs/frames_raw/short_head_left_file001_episode000352_frame009130_t304333.jpg,task_A_dataset_frame/outputs/frames_selected/600_baseline/short_head_left_file001_episode000352_frame009130_t304333.jpg,stratified_coverage+visual_hard_candidate,hard_score=0.118315; brightness=0.585456; contrast=0.150973; edge_density=0.126146; sharpness=0.003476
207,short,head_left,file-001.mp4,352,9210,307.000000,task_A_dataset_frame/outputs/frames_raw/short_head_left_file001_episode000352_frame009210_t307000.jpg,task_A_dataset_frame/outputs/frames_selected/600_baseline/short_head_left_file001_episode000352_frame009210_t307000.jpg,stratified_coverage,hard_score=0.113097; brightness=0.587952; contrast=0.146423; edge_density=0.108385; sharpness=0.003119
208,short,head_left,file-001.mp4,353,9290,309.666667,task_A_dataset_frame/outputs/frames_raw/short_head_left_file001_episode000353_frame009290_t309667.jpg,task_A_dataset_frame/outputs/frames_selected/600_baseline/short_head_left_file001_episode000353_frame009290_t309667.jpg,stratified_coverage+visual_hard_candidate,hard_score=0.120897; brightness=0.595358; contrast=0.148933; edge_density=0.119948; sharpness=0.003368
209,short,head_left,file-001.mp4,353,9370,312.333333,task_A_dataset_frame/outputs/frames_raw/short_head_left_file001_episode000353_frame009370_t312333.jpg,task_A_dataset_frame/outputs/frames_selected/600_baseline/short_head_left_file001_episode000353_frame009370_t312333.jpg,stratified_coverage+visual_hard_candidate,hard_score=0.119726; brightness=0.581620; contrast=0.155665; edge_density=0.133333; sharpness=0.003909
210,short,head_left,file-001.mp4,355,9690,323.000000,task_A_dataset_frame/outputs/frames_raw/short_head_left_file001_episode000355_frame009690_t323000.jpg,task_A_dataset_frame/outputs/frames_selected/600_baseline/short_head_left_file001_episode000355_frame009690_t323000.jpg,stratified_coverage+visual_hard_candidate,hard_score=0.117965; brightness=0.585467; contrast=0.151612; edge_density=0.124427; sharpness=0.003532
211,short,head_left,file-001.mp4,357,10170,339.000000,task_A_dataset_frame/outputs/frames_raw/short_head_left_file001_episode000357_frame010170_t339000.jpg,task_A_dataset_frame/outputs/frames_selected/600_baseline/short_head_left_file001_episode000357_frame010170_t339000.jpg,stratified_coverage,hard_score=0.111416; brightness=0.588303; contrast=0.145247; edge_density=0.103177; sharpness=0.002993
212,short,head_left,file-001.mp4,360,10570,352.333333,task_A_dataset_frame/outputs/frames_raw/short_head_left_file001_episode000360_frame010570_t352333.jpg,task_A_dataset_frame/outputs/frames_selected/600_baseline/short_head_left_file001_episode000360_frame010570_t352333.jpg,stratified_coverage,hard_score=0.115754; brightness=0.578108; contrast=0.161425; edge_density=0.121146; sharpness=0.003956
213,short,head_left,file-001.mp4,362,11050,368.333333,task_A_dataset_frame/outputs/frames_raw/short_head_left_file001_episode000362_frame011050_t368333.jpg,task_A_dataset_frame/outputs/frames_selected/600_baseline/short_head_left_file001_episode000362_frame011050_t368333.jpg,stratified_coverage,hard_score=0.110165; brightness=0.571561; contrast=0.157475; edge_density=0.116719; sharpness=0.003493
214,short,head_left,file-001.mp4,365,11530,384.333333,task_A_dataset_frame/outputs/frames_raw/short_head_left_file001_episode000365_frame011530_t384333.jpg,task_A_dataset_frame/outputs/frames_selected/600_baseline/short_head_left_file001_episode000365_frame011530_t384333.jpg,stratified_coverage,hard_score=0.115892; brightness=0.582377; contrast=0.157002; edge_density=0.118177; sharpness=0.003681
215,short,head_left,file-001.mp4,367,12010,400.333333,task_A_dataset_frame/outputs/frames_raw/short_head_left_file001_episode000367_frame012010_t400333.jpg,task_A_dataset_frame/outputs/frames_selected/600_baseline/short_head_left_file001_episode000367_frame012010_t400333.jpg,stratified_coverage,hard_score=0.111871; brightness=0.568757; contrast=0.160158; edge_density=0.124844; sharpness=0.003714
216,short,head_left,file-001.mp4,369,12410,413.666667,task_A_dataset_frame/outputs/frames_raw/short_head_left_file001_episode000369_frame012410_t413667.jpg,task_A_dataset_frame/outputs/frames_selected/600_baseline/short_head_left_file001_episode000369_frame012410_t413667.jpg,stratified_coverage,hard_score=0.106786; brightness=0.561940; contrast=0.165140; edge_density=0.115104; sharpness=0.003462
217,short,head_left,file-001.mp4,372,12900,430.000000,task_A_dataset_frame/outputs/frames_raw/short_head_left_file001_episode000372_frame012900_t430000.jpg,task_A_dataset_frame/outputs/frames_selected/600_baseline/short_head_left_file001_episode000372_frame012900_t430000.jpg,stratified_coverage,hard_score=0.115493; brightness=0.581535; contrast=0.153839; edge_density=0.120885; sharpness=0.003575
218,short,head_left,file-001.mp4,373,13060,435.333333,task_A_dataset_frame/outputs/frames_raw/short_head_left_file001_episode000373_frame013060_t435333.jpg,task_A_dataset_frame/outputs/frames_selected/600_baseline/short_head_left_file001_episode000373_frame013060_t435333.jpg,stratified_coverage+visual_hard_candidate,hard_score=0.118084; brightness=0.583910; contrast=0.156142; edge_density=0.123646; sharpness=0.003636
219,short,head_left,file-001.mp4,374,13380,446.000000,task_A_dataset_frame/outputs/frames_raw/short_head_left_file001_episode000374_frame013380_t446000.jpg,task_A_dataset_frame/outputs/frames_selected/600_baseline/short_head_left_file001_episode000374_frame013380_t446000.jpg,stratified_coverage,hard_score=0.114543; brightness=0.568233; contrast=0.163393; edge_density=0.131927; sharpness=0.003864
220,short,head_left,file-001.mp4,376,13700,456.666667,task_A_dataset_frame/outputs/frames_raw/short_head_left_file001_episode000376_frame013700_t456667.jpg,task_A_dataset_frame/outputs/frames_selected/600_baseline/short_head_left_file001_episode000376_frame013700_t456667.jpg,stratified_coverage+visual_hard_candidate,hard_score=0.118145; brightness=0.583818; contrast=0.155506; edge_density=0.124531; sharpness=0.003598
221,short,head_left,file-001.mp4,377,13860,462.000000,task_A_dataset_frame/outputs/frames_raw/short_head_left_file001_episode000377_frame013860_t462000.jpg,task_A_dataset_frame/outputs/frames_selected/600_baseline/short_head_left_file001_episode000377_frame013860_t462000.jpg,stratified_coverage,hard_score=0.114816; brightness=0.579072; contrast=0.154869; edge_density=0.121875; sharpness=0.003601
222,short,head_left,file-001.mp4,378,14020,467.333333,task_A_dataset_frame/outputs/frames_raw/short_head_left_file001_episode000378_frame014020_t467333.jpg,task_A_dataset_frame/outputs/frames_selected/600_baseline/short_head_left_file001_episode000378_frame014020_t467333.jpg,stratified_coverage+visual_hard_candidate,hard_score=0.118552; brightness=0.585409; contrast=0.155516; edge_density=0.123229; sharpness=0.003717
223,short,head_left,file-001.mp4,378,14100,470.000000,task_A_dataset_frame/outputs/frames_raw/short_head_left_file001_episode000378_frame014100_t470000.jpg,task_A_dataset_frame/outputs/frames_selected/600_baseline/short_head_left_file001_episode000378_frame014100_t470000.jpg,stratified_coverage+visual_hard_candidate,hard_score=0.120625; brightness=0.584911; contrast=0.152492; edge_density=0.133490; sharpness=0.003613
224,short,head_left,file-001.mp4,379,14260,475.333333,task_A_dataset_frame/outputs/frames_raw/short_head_left_file001_episode000379_frame014260_t475333.jpg,task_A_dataset_frame/outputs/frames_selected/600_baseline/short_head_left_file001_episode000379_frame014260_t475333.jpg,stratified_coverage,hard_score=0.116779; brightness=0.581584; contrast=0.156574; edge_density=0.122813; sharpness=0.003632
225,short,head_left,file-001.mp4,381,14660,488.666667,task_A_dataset_frame/outputs/frames_raw/short_head_left_file001_episode000381_frame014660_t488667.jpg,task_A_dataset_frame/outputs/frames_selected/600_baseline/short_head_left_file001_episode000381_frame014660_t488667.jpg,stratified_coverage+visual_hard_candidate,hard_score=0.118605; brightness=0.574126; contrast=0.161481; edge_density=0.137240; sharpness=0.003845
226,short,head_left,file-001.mp4,381,14740,491.333333,task_A_dataset_frame/outputs/frames_raw/short_head_left_file001_episode000381_frame014740_t491333.jpg,task_A_dataset_frame/outputs/frames_selected/600_baseline/short_head_left_file001_episode000381_frame014740_t491333.jpg,stratified_coverage+visual_hard_candidate,hard_score=0.117993; brightness=0.575046; contrast=0.162944; edge_density=0.132448; sharpness=0.003985
227,short,head_left,file-001.mp4,383,14980,499.333333,task_A_dataset_frame/outputs/frames_raw/short_head_left_file001_episode000383_frame014980_t499333.jpg,task_A_dataset_frame/outputs/frames_selected/600_baseline/short_head_left_file001_episode000383_frame014980_t499333.jpg,stratified_coverage+visual_hard_candidate,hard_score=0.118556; brightness=0.583445; contrast=0.157334; edge_density=0.125000; sharpness=0.003710
228,short,head_left,file-001.mp4,384,15220,507.333333,task_A_dataset_frame/outputs/frames_raw/short_head_left_file001_episode000384_frame015220_t507333.jpg,task_A_dataset_frame/outputs/frames_selected/600_baseline/short_head_left_file001_episode000384_frame015220_t507333.jpg,stratified_coverage,hard_score=0.111643; brightness=0.569079; contrast=0.160976; edge_density=0.122865; sharpness=0.003727
229,short,head_left,file-001.mp4,386,15700,523.333333,task_A_dataset_frame/outputs/frames_raw/short_head_left_file001_episode000386_frame015700_t523333.jpg,task_A_dataset_frame/outputs/frames_selected/600_baseline/short_head_left_file001_episode000386_frame015700_t523333.jpg,stratified_coverage,hard_score=0.112766; brightness=0.572404; contrast=0.158380; edge_density=0.123229; sharpness=0.003761
230,short,head_left,file-001.mp4,388,15940,531.333333,task_A_dataset_frame/outputs/frames_raw/short_head_left_file001_episode000388_frame015940_t531333.jpg,task_A_dataset_frame/outputs/frames_selected/600_baseline/short_head_left_file001_episode000388_frame015940_t531333.jpg,stratified_coverage+visual_hard_candidate,hard_score=0.118866; brightness=0.582109; contrast=0.157309; edge_density=0.128281; sharpness=0.003734
231,short,head_left,file-001.mp4,388,16100,536.666667,task_A_dataset_frame/outputs/frames_raw/short_head_left_file001_episode000388_frame016100_t536667.jpg,task_A_dataset_frame/outputs/frames_selected/600_baseline/short_head_left_file001_episode000388_frame016100_t536667.jpg,stratified_coverage,hard_score=0.110984; brightness=0.577253; contrast=0.153492; edge_density=0.113281; sharpness=0.003350
232,short,head_left,file-001.mp4,391,16580,552.666667,task_A_dataset_frame/outputs/frames_raw/short_head_left_file001_episode000391_frame016580_t552667.jpg,task_A_dataset_frame/outputs/frames_selected/600_baseline/short_head_left_file001_episode000391_frame016580_t552667.jpg,stratified_coverage,hard_score=0.112303; brightness=0.574535; contrast=0.155829; edge_density=0.120260; sharpness=0.003555
233,short,head_left,file-001.mp4,393,16900,563.333333,task_A_dataset_frame/outputs/frames_raw/short_head_left_file001_episode000393_frame016900_t563333.jpg,task_A_dataset_frame/outputs/frames_selected/600_baseline/short_head_left_file001_episode000393_frame016900_t563333.jpg,stratified_coverage+visual_hard_candidate,hard_score=0.117523; brightness=0.583694; contrast=0.157954; edge_density=0.120625; sharpness=0.003671
234,short,head_left,file-001.mp4,393,17060,568.666667,task_A_dataset_frame/outputs/frames_raw/short_head_left_file001_episode000393_frame017060_t568667.jpg,task_A_dataset_frame/outputs/frames_selected/600_baseline/short_head_left_file001_episode000393_frame017060_t568667.jpg,stratified_coverage,hard_score=0.112198; brightness=0.581818; contrast=0.148717; edge_density=0.113698; sharpness=0.003382
235,short,head_left,file-001.mp4,396,17540,584.666667,task_A_dataset_frame/outputs/frames_raw/short_head_left_file001_episode000396_frame017540_t584667.jpg,task_A_dataset_frame/outputs/frames_selected/600_baseline/short_head_left_file001_episode000396_frame017540_t584667.jpg,stratified_coverage,hard_score=0.111055; brightness=0.571739; contrast=0.157930; edge_density=0.119010; sharpness=0.003501
236,short,head_left,file-001.mp4,398,17860,595.333333,task_A_dataset_frame/outputs/frames_raw/short_head_left_file001_episode000398_frame017860_t595333.jpg,task_A_dataset_frame/outputs/frames_selected/600_baseline/short_head_left_file001_episode000398_frame017860_t595333.jpg,stratified_coverage+visual_hard_candidate,hard_score=0.117434; brightness=0.583768; contrast=0.156948; edge_density=0.121042; sharpness=0.003675
237,short,head_left,file-001.mp4,398,17940,598.000000,task_A_dataset_frame/outputs/frames_raw/short_head_left_file001_episode000398_frame017940_t598000.jpg,task_A_dataset_frame/outputs/frames_selected/600_baseline/short_head_left_file001_episode000398_frame017940_t598000.jpg,stratified_coverage,hard_score=0.112028; brightness=0.576136; contrast=0.154591; edge_density=0.117708; sharpness=0.003400
238,short,head_left,file-001.mp4,400,18420,614.000000,task_A_dataset_frame/outputs/frames_raw/short_head_left_file001_episode000400_frame018420_t614000.jpg,task_A_dataset_frame/outputs/frames_selected/600_baseline/short_head_left_file001_episode000400_frame018420_t614000.jpg,stratified_coverage,hard_score=0.112727; brightness=0.584032; contrast=0.147219; edge_density=0.113021; sharpness=0.003159
239,short,head_left,file-001.mp4,401,18500,616.666667,task_A_dataset_frame/outputs/frames_raw/short_head_left_file001_episode000401_frame018500_t616667.jpg,task_A_dataset_frame/outputs/frames_selected/600_baseline/short_head_left_file001_episode000401_frame018500_t616667.jpg,stratified_coverage+visual_hard_candidate,hard_score=0.117313; brightness=0.580554; contrast=0.156270; edge_density=0.126562; sharpness=0.003722
240,short,head_left,file-001.mp4,402,18660,622.000000,task_A_dataset_frame/outputs/frames_raw/short_head_left_file001_episode000402_frame018660_t622000.jpg,task_A_dataset_frame/outputs/frames_selected/600_baseline/short_head_left_file001_episode000402_frame018660_t622000.jpg,stratified_coverage+visual_hard_candidate,hard_score=0.118788; brightness=0.575963; contrast=0.162663; edge_density=0.133802; sharpness=0.004017
241,short,head_left,file-001.mp4,403,18900,630.000000,task_A_dataset_frame/outputs/frames_raw/short_head_left_file001_episode000403_frame018900_t630000.jpg,task_A_dataset_frame/outputs/frames_selected/600_baseline/short_head_left_file001_episode000403_frame018900_t630000.jpg,stratified_coverage+visual_hard_candidate,hard_score=0.119136; brightness=0.596201; contrast=0.147331; edge_density=0.114010; sharpness=0.003148
242,short,head_left,file-001.mp4,405,19380,646.000000,task_A_dataset_frame/outputs/frames_raw/short_head_left_file001_episode000405_frame019380_t646000.jpg,task_A_dataset_frame/outputs/frames_selected/600_baseline/short_head_left_file001_episode000405_frame019380_t646000.jpg,stratified_coverage,hard_score=0.112652; brightness=0.587112; contrast=0.146385; edge_density=0.108333; sharpness=0.003205
243,short,head_left,file-001.mp4,408,19860,662.000000,task_A_dataset_frame/outputs/frames_raw/short_head_left_file001_episode000408_frame019860_t662000.jpg,task_A_dataset_frame/outputs/frames_selected/600_baseline/short_head_left_file001_episode000408_frame019860_t662000.jpg,stratified_coverage,hard_score=0.111248; brightness=0.569029; contrast=0.160622; edge_density=0.121927; sharpness=0.003652
244,short,head_left,file-001.mp4,410,20260,675.333333,task_A_dataset_frame/outputs/frames_raw/short_head_left_file001_episode000410_frame020260_t675333.jpg,task_A_dataset_frame/outputs/frames_selected/600_baseline/short_head_left_file001_episode000410_frame020260_t675333.jpg,stratified_coverage,hard_score=0.113348; brightness=0.576632; contrast=0.156126; edge_density=0.120000; sharpness=0.003469
245,short,head_left,file-001.mp4,413,20740,691.333333,task_A_dataset_frame/outputs/frames_raw/short_head_left_file001_episode000413_frame020740_t691333.jpg,task_A_dataset_frame/outputs/frames_selected/600_baseline/short_head_left_file001_episode000413_frame020740_t691333.jpg,stratified_coverage+visual_hard_candidate,hard_score=0.119485; brightness=0.583567; contrast=0.157871; edge_density=0.127448; sharpness=0.003813
246,short,head_left,file-001.mp4,415,21230,707.666667,task_A_dataset_frame/outputs/frames_raw/short_head_left_file001_episode000415_frame021230_t707667.jpg,task_A_dataset_frame/outputs/frames_selected/600_baseline/short_head_left_file001_episode000415_frame021230_t707667.jpg,stratified_coverage,hard_score=0.109051; brightness=0.560249; contrast=0.165330; edge_density=0.125312; sharpness=0.003717
247,short,head_left,file-001.mp4,418,21710,723.666667,task_A_dataset_frame/outputs/frames_raw/short_head_left_file001_episode000418_frame021710_t723667.jpg,task_A_dataset_frame/outputs/frames_selected/600_baseline/short_head_left_file001_episode000418_frame021710_t723667.jpg,stratified_coverage,hard_score=0.116083; brightness=0.577741; contrast=0.162100; edge_density=0.122292; sharpness=0.003940
248,short,head_left,file-001.mp4,419,21950,731.666667,task_A_dataset_frame/outputs/frames_raw/short_head_left_file001_episode000419_frame021950_t731667.jpg,task_A_dataset_frame/outputs/frames_selected/600_baseline/short_head_left_file001_episode000419_frame021950_t731667.jpg,stratified_coverage+visual_hard_candidate,hard_score=0.118056; brightness=0.580864; contrast=0.158309; edge_density=0.126823; sharpness=0.003774
249,short,head_left,file-001.mp4,420,22110,737.000000,task_A_dataset_frame/outputs/frames_raw/short_head_left_file001_episode000420_frame022110_t737000.jpg,task_A_dataset_frame/outputs/frames_selected/600_baseline/short_head_left_file001_episode000420_frame022110_t737000.jpg,stratified_coverage,hard_score=0.116460; brightness=0.579502; contrast=0.156711; edge_density=0.125104; sharpness=0.003684
250,short,head_left,file-001.mp4,422,22590,753.000000,task_A_dataset_frame/outputs/frames_raw/short_head_left_file001_episode000422_frame022590_t753000.jpg,task_A_dataset_frame/outputs/frames_selected/600_baseline/short_head_left_file001_episode000422_frame022590_t753000.jpg,stratified_coverage,hard_score=0.112002; brightness=0.563212; contrast=0.164398; edge_density=0.130990; sharpness=0.003829
251,short,head_left,file-001.mp4,425,23070,769.000000,task_A_dataset_frame/outputs/frames_raw/short_head_left_file001_episode000425_frame023070_t769000.jpg,task_A_dataset_frame/outputs/frames_selected/600_baseline/short_head_left_file001_episode000425_frame023070_t769000.jpg,stratified_coverage,hard_score=0.113383; brightness=0.566144; contrast=0.165430; edge_density=0.129844; sharpness=0.003907
252,short,head_left,file-001.mp4,427,23550,785.000000,task_A_dataset_frame/outputs/frames_raw/short_head_left_file001_episode000427_frame023550_t785000.jpg,task_A_dataset_frame/outputs/frames_selected/600_baseline/short_head_left_file001_episode000427_frame023550_t785000.jpg,stratified_coverage,hard_score=0.111642; brightness=0.573360; contrast=0.156097; edge_density=0.119792; sharpness=0.003586
253,short,head_left,file-001.mp4,429,23950,798.333333,task_A_dataset_frame/outputs/frames_raw/short_head_left_file001_episode000429_frame023950_t798333.jpg,task_A_dataset_frame/outputs/frames_selected/600_baseline/short_head_left_file001_episode000429_frame023950_t798333.jpg,stratified_coverage,hard_score=0.113546; brightness=0.572641; contrast=0.161649; edge_density=0.122708; sharpness=0.003692
254,short,head_left,file-001.mp4,432,24430,814.333333,task_A_dataset_frame/outputs/frames_raw/short_head_left_file001_episode000432_frame024430_t814333.jpg,task_A_dataset_frame/outputs/frames_selected/600_baseline/short_head_left_file001_episode000432_frame024430_t814333.jpg,stratified_coverage,hard_score=0.113292; brightness=0.567283; contrast=0.163289; edge_density=0.129427; sharpness=0.003942
255,short,head_left,file-001.mp4,434,24910,830.333333,task_A_dataset_frame/outputs/frames_raw/short_head_left_file001_episode000434_frame024910_t830333.jpg,task_A_dataset_frame/outputs/frames_selected/600_baseline/short_head_left_file001_episode000434_frame024910_t830333.jpg,stratified_coverage,hard_score=0.114617; brightness=0.569798; contrast=0.162434; edge_density=0.130365; sharpness=0.003893
256,short,head_left,file-001.mp4,437,25390,846.333333,task_A_dataset_frame/outputs/frames_raw/short_head_left_file001_episode000437_frame025390_t846333.jpg,task_A_dataset_frame/outputs/frames_selected/600_baseline/short_head_left_file001_episode000437_frame025390_t846333.jpg,stratified_coverage,hard_score=0.115279; brightness=0.578762; contrast=0.154343; edge_density=0.124375; sharpness=0.003527
257,short,head_left,file-001.mp4,439,25790,859.666667,task_A_dataset_frame/outputs/frames_raw/short_head_left_file001_episode000439_frame025790_t859667.jpg,task_A_dataset_frame/outputs/frames_selected/600_baseline/short_head_left_file001_episode000439_frame025790_t859667.jpg,stratified_coverage,hard_score=0.114596; brightness=0.582673; contrast=0.152286; edge_density=0.117292; sharpness=0.003398
258,short,head_left,file-001.mp4,441,26270,875.666667,task_A_dataset_frame/outputs/frames_raw/short_head_left_file001_episode000441_frame026270_t875667.jpg,task_A_dataset_frame/outputs/frames_selected/600_baseline/short_head_left_file001_episode000441_frame026270_t875667.jpg,stratified_coverage,hard_score=0.111450; brightness=0.578490; contrast=0.153569; edge_density=0.112708; sharpness=0.003394
259,short,head_left,file-001.mp4,442,26350,878.333333,task_A_dataset_frame/outputs/frames_raw/short_head_left_file001_episode000442_frame026350_t878333.jpg,task_A_dataset_frame/outputs/frames_selected/600_baseline/short_head_left_file001_episode000442_frame026350_t878333.jpg,stratified_coverage+visual_hard_candidate,hard_score=0.118698; brightness=0.578282; contrast=0.160350; edge_density=0.131562; sharpness=0.003913
260,short,head_left,file-001.mp4,444,26750,891.666667,task_A_dataset_frame/outputs/frames_raw/short_head_left_file001_episode000444_frame026750_t891667.jpg,task_A_dataset_frame/outputs/frames_selected/600_baseline/short_head_left_file001_episode000444_frame026750_t891667.jpg,stratified_coverage,hard_score=0.113452; brightness=0.575833; contrast=0.156394; edge_density=0.121458; sharpness=0.003526
261,short,head_left,file-001.mp4,446,27230,907.666667,task_A_dataset_frame/outputs/frames_raw/short_head_left_file001_episode000446_frame027230_t907667.jpg,task_A_dataset_frame/outputs/frames_selected/600_baseline/short_head_left_file001_episode000446_frame027230_t907667.jpg,stratified_coverage,hard_score=0.111229; brightness=0.577579; contrast=0.152695; edge_density=0.114219; sharpness=0.003292
262,short,head_left,file-001.mp4,447,27310,910.333333,task_A_dataset_frame/outputs/frames_raw/short_head_left_file001_episode000447_frame027310_t910333.jpg,task_A_dataset_frame/outputs/frames_selected/600_baseline/short_head_left_file001_episode000447_frame027310_t910333.jpg,stratified_coverage+visual_hard_candidate,hard_score=0.119111; brightness=0.583243; contrast=0.155145; edge_density=0.129010; sharpness=0.003790
263,short,head_left,file-001.mp4,447,27390,913.000000,task_A_dataset_frame/outputs/frames_raw/short_head_left_file001_episode000447_frame027390_t913000.jpg,task_A_dataset_frame/outputs/frames_selected/600_baseline/short_head_left_file001_episode000447_frame027390_t913000.jpg,stratified_coverage+visual_hard_candidate,hard_score=0.117683; brightness=0.581070; contrast=0.156093; edge_density=0.127083; sharpness=0.003703
264,short,head_left,file-001.mp4,448,27630,921.000000,task_A_dataset_frame/outputs/frames_raw/short_head_left_file001_episode000448_frame027630_t921000.jpg,task_A_dataset_frame/outputs/frames_selected/600_baseline/short_head_left_file001_episode000448_frame027630_t921000.jpg,stratified_coverage,hard_score=0.111689; brightness=0.582547; contrast=0.147789; edge_density=0.111562; sharpness=0.003157
265,short,head_left,file-001.mp4,451,28110,937.000000,task_A_dataset_frame/outputs/frames_raw/short_head_left_file001_episode000451_frame028110_t937000.jpg,task_A_dataset_frame/outputs/frames_selected/600_baseline/short_head_left_file001_episode000451_frame028110_t937000.jpg,stratified_coverage+visual_hard_candidate,hard_score=0.117980; brightness=0.575068; contrast=0.160474; edge_density=0.134427; sharpness=0.003782
266,short,head_left,file-001.mp4,453,28590,953.000000,task_A_dataset_frame/outputs/frames_raw/short_head_left_file001_episode000453_frame028590_t953000.jpg,task_A_dataset_frame/outputs/frames_selected/600_baseline/short_head_left_file001_episode000453_frame028590_t953000.jpg,stratified_coverage,hard_score=0.112452; brightness=0.583504; contrast=0.148175; edge_density=0.112187; sharpness=0.003216
267,short,head_left,file-001.mp4,456,29070,969.000000,task_A_dataset_frame/outputs/frames_raw/short_head_left_file001_episode000456_frame029070_t969000.jpg,task_A_dataset_frame/outputs/frames_selected/600_baseline/short_head_left_file001_episode000456_frame029070_t969000.jpg,stratified_coverage,hard_score=0.113322; brightness=0.584084; contrast=0.150808; edge_density=0.111927; sharpness=0.003302
268,short,head_left,file-001.mp4,458,29480,982.666667,task_A_dataset_frame/outputs/frames_raw/short_head_left_file001_episode000458_frame029480_t982667.jpg,task_A_dataset_frame/outputs/frames_selected/600_baseline/short_head_left_file001_episode000458_frame029480_t982667.jpg,stratified_coverage,hard_score=0.112398; brightness=0.579635; contrast=0.153134; edge_density=0.114323; sharpness=0.003314
269,short,head_left,file-001.mp4,461,29960,998.666667,task_A_dataset_frame/outputs/frames_raw/short_head_left_file001_episode000461_frame029960_t998667.jpg,task_A_dataset_frame/outputs/frames_selected/600_baseline/short_head_left_file001_episode000461_frame029960_t998667.jpg,stratified_coverage+visual_hard_candidate,hard_score=0.117698; brightness=0.581306; contrast=0.159492; edge_density=0.123906; sharpness=0.003898
270,short,head_left,file-001.mp4,463,30440,1014.666667,task_A_dataset_frame/outputs/frames_raw/short_head_left_file001_episode000463_frame030440_t1014667.jpg,task_A_dataset_frame/outputs/frames_selected/600_baseline/short_head_left_file001_episode000463_frame030440_t1014667.jpg,stratified_coverage,hard_score=0.112051; brightness=0.574116; contrast=0.156283; edge_density=0.119740; sharpness=0.003363
271,short,head_left,file-001.mp4,466,30920,1030.666667,task_A_dataset_frame/outputs/frames_raw/short_head_left_file001_episode000466_frame030920_t1030667.jpg,task_A_dataset_frame/outputs/frames_selected/600_baseline/short_head_left_file001_episode000466_frame030920_t1030667.jpg,stratified_coverage+visual_hard_candidate,hard_score=0.117605; brightness=0.582868; contrast=0.157684; edge_density=0.122500; sharpness=0.003720
272,short,head_left,file-001.mp4,468,31320,1044.000000,task_A_dataset_frame/outputs/frames_raw/short_head_left_file001_episode000468_frame031320_t1044000.jpg,task_A_dataset_frame/outputs/frames_selected/600_baseline/short_head_left_file001_episode000468_frame031320_t1044000.jpg,stratified_coverage,hard_score=0.114098; brightness=0.571615; contrast=0.162348; edge_density=0.125677; sharpness=0.003951
273,short,head_left,file-001.mp4,470,31800,1060.000000,task_A_dataset_frame/outputs/frames_raw/short_head_left_file001_episode000470_frame031800_t1060000.jpg,task_A_dataset_frame/outputs/frames_selected/600_baseline/short_head_left_file001_episode000470_frame031800_t1060000.jpg,stratified_coverage,hard_score=0.113428; brightness=0.574102; contrast=0.158383; edge_density=0.122604; sharpness=0.003548
274,short,head_left,file-001.mp4,471,31880,1062.666667,task_A_dataset_frame/outputs/frames_raw/short_head_left_file001_episode000471_frame031880_t1062667.jpg,task_A_dataset_frame/outputs/frames_selected/600_baseline/short_head_left_file001_episode000471_frame031880_t1062667.jpg,stratified_coverage+visual_hard_candidate,hard_score=0.117619; brightness=0.582548; contrast=0.157943; edge_density=0.122865; sharpness=0.003815
275,short,head_left,file-001.mp4,473,32280,1076.000000,task_A_dataset_frame/outputs/frames_raw/short_head_left_file001_episode000473_frame032280_t1076000.jpg,task_A_dataset_frame/outputs/frames_selected/600_baseline/short_head_left_file001_episode000473_frame032280_t1076000.jpg,stratified_coverage,hard_score=0.115543; brightness=0.579742; contrast=0.157189; edge_density=0.121250; sharpness=0.003645
276,short,head_left,file-001.mp4,475,32760,1092.000000,task_A_dataset_frame/outputs/frames_raw/short_head_left_file001_episode000475_frame032760_t1092000.jpg,task_A_dataset_frame/outputs/frames_selected/600_baseline/short_head_left_file001_episode000475_frame032760_t1092000.jpg,stratified_coverage,hard_score=0.110048; brightness=0.570987; contrast=0.156344; edge_density=0.118229; sharpness=0.003489
277,short,head_left,file-001.mp4,476,32920,1097.333333,task_A_dataset_frame/outputs/frames_raw/short_head_left_file001_episode000476_frame032920_t1097333.jpg,task_A_dataset_frame/outputs/frames_selected/600_baseline/short_head_left_file001_episode000476_frame032920_t1097333.jpg,stratified_coverage+visual_hard_candidate,hard_score=0.118483; brightness=0.578987; contrast=0.159395; edge_density=0.130469; sharpness=0.003618
278,short,head_left,file-001.mp4,477,33160,1105.333333,task_A_dataset_frame/outputs/frames_raw/short_head_left_file001_episode000477_frame033160_t1105333.jpg,task_A_dataset_frame/outputs/frames_selected/600_baseline/short_head_left_file001_episode000477_frame033160_t1105333.jpg,stratified_coverage,hard_score=0.113786; brightness=0.576736; contrast=0.154923; edge_density=0.122292; sharpness=0.003562
279,short,head_left,file-001.mp4,480,33640,1121.333333,task_A_dataset_frame/outputs/frames_raw/short_head_left_file001_episode000480_frame033640_t1121333.jpg,task_A_dataset_frame/outputs/frames_selected/600_baseline/short_head_left_file001_episode000480_frame033640_t1121333.jpg,stratified_coverage,hard_score=0.113809; brightness=0.567385; contrast=0.162840; edge_density=0.131354; sharpness=0.003946
280,short,head_left,file-001.mp4,481,33800,1126.666667,task_A_dataset_frame/outputs/frames_raw/short_head_left_file001_episode000481_frame033800_t1126667.jpg,task_A_dataset_frame/outputs/frames_selected/600_baseline/short_head_left_file001_episode000481_frame033800_t1126667.jpg,stratified_coverage+visual_hard_candidate,hard_score=0.117957; brightness=0.582663; contrast=0.158379; edge_density=0.123438; sharpness=0.003804
281,short,head_left,file-001.mp4,482,34120,1137.333333,task_A_dataset_frame/outputs/frames_raw/short_head_left_file001_episode000482_frame034120_t1137333.jpg,task_A_dataset_frame/outputs/frames_selected/600_baseline/short_head_left_file001_episode000482_frame034120_t1137333.jpg,stratified_coverage,hard_score=0.110765; brightness=0.571216; contrast=0.157441; edge_density=0.119323; sharpness=0.003640
282,short,head_left,file-001.mp4,485,34600,1153.333333,task_A_dataset_frame/outputs/frames_raw/short_head_left_file001_episode000485_frame034600_t1153333.jpg,task_A_dataset_frame/outputs/frames_selected/600_baseline/short_head_left_file001_episode000485_frame034600_t1153333.jpg,stratified_coverage,hard_score=0.115516; brightness=0.572774; contrast=0.159830; edge_density=0.130573; sharpness=0.003971
283,short,head_left,file-001.mp4,486,34760,1158.666667,task_A_dataset_frame/outputs/frames_raw/short_head_left_file001_episode000486_frame034760_t1158667.jpg,task_A_dataset_frame/outputs/frames_selected/600_baseline/short_head_left_file001_episode000486_frame034760_t1158667.jpg,stratified_coverage+visual_hard_candidate,hard_score=0.117608; brightness=0.583716; contrast=0.155313; edge_density=0.123073; sharpness=0.003671
284,short,head_left,file-001.mp4,487,35000,1166.666667,task_A_dataset_frame/outputs/frames_raw/short_head_left_file001_episode000487_frame035000_t1166667.jpg,task_A_dataset_frame/outputs/frames_selected/600_baseline/short_head_left_file001_episode000487_frame035000_t1166667.jpg,stratified_coverage,hard_score=0.112939; brightness=0.576711; contrast=0.154271; edge_density=0.120052; sharpness=0.003621
285,short,head_left,file-001.mp4,489,35480,1182.666667,task_A_dataset_frame/outputs/frames_raw/short_head_left_file001_episode000489_frame035480_t1182667.jpg,task_A_dataset_frame/outputs/frames_selected/600_baseline/short_head_left_file001_episode000489_frame035480_t1182667.jpg,stratified_coverage,hard_score=0.112039; brightness=0.568490; contrast=0.162173; edge_density=0.124167; sharpness=0.003714
286,short,head_left,file-001.mp4,492,35960,1198.666667,task_A_dataset_frame/outputs/frames_raw/short_head_left_file001_episode000492_frame035960_t1198667.jpg,task_A_dataset_frame/outputs/frames_selected/600_baseline/short_head_left_file001_episode000492_frame035960_t1198667.jpg,stratified_coverage,hard_score=0.113408; brightness=0.568254; contrast=0.161685; edge_density=0.129531; sharpness=0.003940
287,short,head_left,file-001.mp4,494,36440,1214.666667,task_A_dataset_frame/outputs/frames_raw/short_head_left_file001_episode000494_frame036440_t1214667.jpg,task_A_dataset_frame/outputs/frames_selected/600_baseline/short_head_left_file001_episode000494_frame036440_t1214667.jpg,stratified_coverage,hard_score=0.112142; brightness=0.573850; contrast=0.156557; edge_density=0.120260; sharpness=0.003662
288,short,head_left,file-001.mp4,496,36680,1222.666667,task_A_dataset_frame/outputs/frames_raw/short_head_left_file001_episode000496_frame036680_t1222667.jpg,task_A_dataset_frame/outputs/frames_selected/600_baseline/short_head_left_file001_episode000496_frame036680_t1222667.jpg,stratified_coverage+visual_hard_candidate,hard_score=0.118235; brightness=0.581702; contrast=0.158786; edge_density=0.125625; sharpness=0.003917
289,short,head_left,file-001.mp4,496,36840,1228.000000,task_A_dataset_frame/outputs/frames_raw/short_head_left_file001_episode000496_frame036840_t1228000.jpg,task_A_dataset_frame/outputs/frames_selected/600_baseline/short_head_left_file001_episode000496_frame036840_t1228000.jpg,stratified_coverage,hard_score=0.113145; brightness=0.581986; contrast=0.149796; edge_density=0.115677; sharpness=0.003439
290,short,head_left,file-001.mp4,499,37320,1244.000000,task_A_dataset_frame/outputs/frames_raw/short_head_left_file001_episode000499_frame037320_t1244000.jpg,task_A_dataset_frame/outputs/frames_selected/600_baseline/short_head_left_file001_episode000499_frame037320_t1244000.jpg,stratified_coverage,hard_score=0.116388; brightness=0.588078; contrast=0.148207; edge_density=0.117656; sharpness=0.003397
291,short,head_left,file-001.mp4,501,37810,1260.333333,task_A_dataset_frame/outputs/frames_raw/short_head_left_file001_episode000501_frame037810_t1260333.jpg,task_A_dataset_frame/outputs/frames_selected/600_baseline/short_head_left_file001_episode000501_frame037810_t1260333.jpg,stratified_coverage,hard_score=0.110236; brightness=0.580811; contrast=0.146699; edge_density=0.110521; sharpness=0.003159
292,short,head_left,file-001.mp4,503,38050,1268.333333,task_A_dataset_frame/outputs/frames_raw/short_head_left_file001_episode000503_frame038050_t1268333.jpg,task_A_dataset_frame/outputs/frames_selected/600_baseline/short_head_left_file001_episode000503_frame038050_t1268333.jpg,stratified_coverage+visual_hard_candidate,hard_score=0.119765; brightness=0.581166; contrast=0.156729; edge_density=0.133333; sharpness=0.003803
293,short,head_left,file-001.mp4,503,38130,1271.000000,task_A_dataset_frame/outputs/frames_raw/short_head_left_file001_episode000503_frame038130_t1271000.jpg,task_A_dataset_frame/outputs/frames_selected/600_baseline/short_head_left_file001_episode000503_frame038130_t1271000.jpg,stratified_coverage+visual_hard_candidate,hard_score=0.120818; brightness=0.582503; contrast=0.154891; edge_density=0.136146; sharpness=0.003633
294,short,head_left,file-001.mp4,504,38210,1273.666667,task_A_dataset_frame/outputs/frames_raw/short_head_left_file001_episode000504_frame038210_t1273667.jpg,task_A_dataset_frame/outputs/frames_selected/600_baseline/short_head_left_file001_episode000504_frame038210_t1273667.jpg,stratified_coverage+visual_hard_candidate,hard_score=0.117630; brightness=0.583131; contrast=0.162197; edge_density=0.118385; sharpness=0.003603
295,short,head_left,file-001.mp4,504,38290,1276.333333,task_A_dataset_frame/outputs/frames_raw/short_head_left_file001_episode000504_frame038290_t1276333.jpg,task_A_dataset_frame/outputs/frames_selected/600_baseline/short_head_left_file001_episode000504_frame038290_t1276333.jpg,stratified_coverage,hard_score=0.114119; brightness=0.571047; contrast=0.160258; edge_density=0.128438; sharpness=0.003847
296,short,head_left,file-001.mp4,506,38690,1289.666667,task_A_dataset_frame/outputs/frames_raw/short_head_left_file001_episode000506_frame038690_t1289667.jpg,task_A_dataset_frame/outputs/frames_selected/600_baseline/short_head_left_file001_episode000506_frame038690_t1289667.jpg,stratified_coverage,hard_score=0.111898; brightness=0.575580; contrast=0.154683; edge_density=0.118125; sharpness=0.003405
297,short,head_left,file-001.mp4,509,39170,1305.666667,task_A_dataset_frame/outputs/frames_raw/short_head_left_file001_episode000509_frame039170_t1305667.jpg,task_A_dataset_frame/outputs/frames_selected/600_baseline/short_head_left_file001_episode000509_frame039170_t1305667.jpg,stratified_coverage+visual_hard_candidate,hard_score=0.119848; brightness=0.582655; contrast=0.160146; edge_density=0.128281; sharpness=0.003723
298,short,head_left,file-001.mp4,511,39650,1321.666667,task_A_dataset_frame/outputs/frames_raw/short_head_left_file001_episode000511_frame039650_t1321667.jpg,task_A_dataset_frame/outputs/frames_selected/600_baseline/short_head_left_file001_episode000511_frame039650_t1321667.jpg,stratified_coverage,hard_score=0.116548; brightness=0.574443; contrast=0.160308; edge_density=0.130833; sharpness=0.003582
299,short,head_left,file-001.mp4,514,40130,1337.666667,task_A_dataset_frame/outputs/frames_raw/short_head_left_file001_episode000514_frame040130_t1337667.jpg,task_A_dataset_frame/outputs/frames_selected/600_baseline/short_head_left_file001_episode000514_frame040130_t1337667.jpg,stratified_coverage+visual_hard_candidate,hard_score=0.118650; brightness=0.584598; contrast=0.156715; edge_density=0.123906; sharpness=0.003648
300,short,head_left,file-001.mp4,515,40370,1345.666667,task_A_dataset_frame/outputs/frames_raw/short_head_left_file001_episode000515_frame040370_t1345667.jpg,task_A_dataset_frame/outputs/frames_selected/600_baseline/short_head_left_file001_episode000515_frame040370_t1345667.jpg,stratified_coverage+visual_hard_candidate,hard_score=0.117885; brightness=0.582214; contrast=0.156424; edge_density=0.125573; sharpness=0.003719
301,short,head_left,file-001.mp4,516,40610,1353.666667,task_A_dataset_frame/outputs/frames_raw/short_head_left_file001_episode000516_frame040610_t1353667.jpg,task_A_dataset_frame/outputs/frames_selected/600_baseline/short_head_left_file001_episode000516_frame040610_t1353667.jpg,stratified_coverage,hard_score=0.110478; brightness=0.569616; contrast=0.159555; edge_density=0.119271; sharpness=0.003476
302,short,head_left,file-001.mp4,517,40770,1359.000000,task_A_dataset_frame/outputs/frames_raw/short_head_left_file001_episode000517_frame040770_t1359000.jpg,task_A_dataset_frame/outputs/frames_selected/600_baseline/short_head_left_file001_episode000517_frame040770_t1359000.jpg,stratified_coverage+visual_hard_candidate,hard_score=0.118772; brightness=0.581281; contrast=0.157152; edge_density=0.129479; sharpness=0.003769
303,short,head_left,file-001.mp4,518,41010,1367.000000,task_A_dataset_frame/outputs/frames_raw/short_head_left_file001_episode000518_frame041010_t1367000.jpg,task_A_dataset_frame/outputs/frames_selected/600_baseline/short_head_left_file001_episode000518_frame041010_t1367000.jpg,stratified_coverage,hard_score=0.112421; brightness=0.575647; contrast=0.155138; edge_density=0.119375; sharpness=0.003456
304,short,head_left,file-001.mp4,519,41090,1369.666667,task_A_dataset_frame/outputs/frames_raw/short_head_left_file001_episode000519_frame041090_t1369667.jpg,task_A_dataset_frame/outputs/frames_selected/600_baseline/short_head_left_file001_episode000519_frame041090_t1369667.jpg,stratified_coverage+visual_hard_candidate,hard_score=0.118452; brightness=0.584293; contrast=0.155908; edge_density=0.124427; sharpness=0.003628
305,short,head_left,file-001.mp4,521,41490,1383.000000,task_A_dataset_frame/outputs/frames_raw/short_head_left_file001_episode000521_frame041490_t1383000.jpg,task_A_dataset_frame/outputs/frames_selected/600_baseline/short_head_left_file001_episode000521_frame041490_t1383000.jpg,stratified_coverage,hard_score=0.115636; brightness=0.583508; contrast=0.152716; edge_density=0.119010; sharpness=0.003792
306,short,head_left,file-001.mp4,521,41570,1385.666667,task_A_dataset_frame/outputs/frames_raw/short_head_left_file001_episode000521_frame041570_t1385667.jpg,task_A_dataset_frame/outputs/frames_selected/600_baseline/short_head_left_file001_episode000521_frame041570_t1385667.jpg,stratified_coverage+visual_hard_candidate,hard_score=0.118100; brightness=0.583484; contrast=0.154617; edge_density=0.125677; sharpness=0.003594
307,short,head_left,file-001.mp4,523,41970,1399.000000,task_A_dataset_frame/outputs/frames_raw/short_head_left_file001_episode000523_frame041970_t1399000.jpg,task_A_dataset_frame/outputs/frames_selected/600_baseline/short_head_left_file001_episode000523_frame041970_t1399000.jpg,stratified_coverage,hard_score=0.110909; brightness=0.563406; contrast=0.163200; edge_density=0.128021; sharpness=0.003777
308,short,head_left,file-001.mp4,524,42050,1401.666667,task_A_dataset_frame/outputs/frames_raw/short_head_left_file001_episode000524_frame042050_t1401667.jpg,task_A_dataset_frame/outputs/frames_selected/600_baseline/short_head_left_file001_episode000524_frame042050_t1401667.jpg,stratified_coverage+visual_hard_candidate,hard_score=0.119861; brightness=0.583570; contrast=0.159994; edge_density=0.126927; sharpness=0.003738
309,short,head_left,file-001.mp4,526,42450,1415.000000,task_A_dataset_frame/outputs/frames_raw/short_head_left_file001_episode000526_frame042450_t1415000.jpg,task_A_dataset_frame/outputs/frames_selected/600_baseline/short_head_left_file001_episode000526_frame042450_t1415000.jpg,stratified_coverage,hard_score=0.114434; brightness=0.572994; contrast=0.162436; edge_density=0.124427; sharpness=0.003871
310,short,head_left,file-001.mp4,528,42850,1428.333333,task_A_dataset_frame/outputs/frames_raw/short_head_left_file001_episode000528_frame042850_t1428333.jpg,task_A_dataset_frame/outputs/frames_selected/600_baseline/short_head_left_file001_episode000528_frame042850_t1428333.jpg,stratified_coverage,hard_score=0.115624; brightness=0.582244; contrast=0.152944; edge_density=0.120885; sharpness=0.003565
311,short,head_left,file-001.mp4,529,43010,1433.666667,task_A_dataset_frame/outputs/frames_raw/short_head_left_file001_episode000529_frame043010_t1433667.jpg,task_A_dataset_frame/outputs/frames_selected/600_baseline/short_head_left_file001_episode000529_frame043010_t1433667.jpg,stratified_coverage+visual_hard_candidate,hard_score=0.120565; brightness=0.583199; contrast=0.162050; edge_density=0.128177; sharpness=0.003825
312,short,head_left,file-001.mp4,530,43330,1444.333333,task_A_dataset_frame/outputs/frames_raw/short_head_left_file001_episode000530_frame043330_t1444333.jpg,task_A_dataset_frame/outputs/frames_selected/600_baseline/short_head_left_file001_episode000530_frame043330_t1444333.jpg,stratified_coverage,hard_score=0.111153; brightness=0.567339; contrast=0.159120; edge_density=0.125677; sharpness=0.003730
313,short,head_left,file-001.mp4,531,43490,1449.666667,task_A_dataset_frame/outputs/frames_raw/short_head_left_file001_episode000531_frame043490_t1449667.jpg,task_A_dataset_frame/outputs/frames_selected/600_baseline/short_head_left_file001_episode000531_frame043490_t1449667.jpg,stratified_coverage+visual_hard_candidate,hard_score=0.117776; brightness=0.583143; contrast=0.154693; edge_density=0.125104; sharpness=0.003598
314,short,head_left,file-001.mp4,533,43810,1460.333333,task_A_dataset_frame/outputs/frames_raw/short_head_left_file001_episode000533_frame043810_t1460333.jpg,task_A_dataset_frame/outputs/frames_selected/600_baseline/short_head_left_file001_episode000533_frame043810_t1460333.jpg,stratified_coverage,hard_score=0.114842; brightness=0.577836; contrast=0.156509; edge_density=0.122656; sharpness=0.003736
315,short,head_left,file-001.mp4,534,43970,1465.666667,task_A_dataset_frame/outputs/frames_raw/short_head_left_file001_episode000534_frame043970_t1465667.jpg,task_A_dataset_frame/outputs/frames_selected/600_baseline/short_head_left_file001_episode000534_frame043970_t1465667.jpg,stratified_coverage+visual_hard_candidate,hard_score=0.123962; brightness=0.581728; contrast=0.158957; edge_density=0.144531; sharpness=0.003891
316,short,head_left,file-001.mp4,535,44290,1476.333333,task_A_dataset_frame/outputs/frames_raw/short_head_left_file001_episode000535_frame044290_t1476333.jpg,task_A_dataset_frame/outputs/frames_selected/600_baseline/short_head_left_file001_episode000535_frame044290_t1476333.jpg,stratified_coverage,hard_score=0.110358; brightness=0.568104; contrast=0.157911; edge_density=0.122760; sharpness=0.003679
317,short,head_left,file-001.mp4,537,44690,1489.666667,task_A_dataset_frame/outputs/frames_raw/short_head_left_file001_episode000537_frame044690_t1489667.jpg,task_A_dataset_frame/outputs/frames_selected/600_baseline/short_head_left_file001_episode000537_frame044690_t1489667.jpg,stratified_coverage,hard_score=0.112687; brightness=0.576378; contrast=0.155180; edge_density=0.119010; sharpness=0.003571
318,short,head_left,file-001.mp4,539,44930,1497.666667,task_A_dataset_frame/outputs/frames_raw/short_head_left_file001_episode000539_frame044930_t1497667.jpg,task_A_dataset_frame/outputs/frames_selected/600_baseline/short_head_left_file001_episode000539_frame044930_t1497667.jpg,stratified_coverage+visual_hard_candidate,hard_score=0.123713; brightness=0.580066; contrast=0.160469; edge_density=0.145208; sharpness=0.004026
319,short,head_left,file-001.mp4,540,45170,1505.666667,task_A_dataset_frame/outputs/frames_raw/short_head_left_file001_episode000540_frame045170_t1505667.jpg,task_A_dataset_frame/outputs/frames_selected/600_baseline/short_head_left_file001_episode000540_frame045170_t1505667.jpg,stratified_coverage,hard_score=0.112455; brightness=0.573756; contrast=0.155621; edge_density=0.122240; sharpness=0.003749
320,short,head_left,file-001.mp4,542,45650,1521.666667,task_A_dataset_frame/outputs/frames_raw/short_head_left_file001_episode000542_frame045650_t1521667.jpg,task_A_dataset_frame/outputs/frames_selected/600_baseline/short_head_left_file001_episode000542_frame045650_t1521667.jpg,stratified_coverage,hard_score=0.113611; brightness=0.572785; contrast=0.158126; edge_density=0.125625; sharpness=0.003765
321,short,head_left,file-001.mp4,544,45890,1529.666667,task_A_dataset_frame/outputs/frames_raw/short_head_left_file001_episode000544_frame045890_t1529667.jpg,task_A_dataset_frame/outputs/frames_selected/600_baseline/short_head_left_file001_episode000544_frame045890_t1529667.jpg,stratified_coverage+visual_hard_candidate,hard_score=0.123668; brightness=0.581046; contrast=0.159455; edge_density=0.144271; sharpness=0.003956
322,short,head_left,file-001.mp4,545,46140,1538.000000,task_A_dataset_frame/outputs/frames_raw/short_head_left_file001_episode000545_frame046140_t1538000.jpg,task_A_dataset_frame/outputs/frames_selected/600_baseline/short_head_left_file001_episode000545_frame046140_t1538000.jpg,stratified_coverage,hard_score=0.111833; brightness=0.566874; contrast=0.161897; edge_density=0.126406; sharpness=0.003739
323,short,head_left,file-001.mp4,547,46540,1551.333333,task_A_dataset_frame/outputs/frames_raw/short_head_left_file001_episode000547_frame046540_t1551333.jpg,task_A_dataset_frame/outputs/frames_selected/600_baseline/short_head_left_file001_episode000547_frame046540_t1551333.jpg,stratified_coverage,hard_score=0.109269; brightness=0.560006; contrast=0.164813; edge_density=0.126875; sharpness=0.003822
324,short,head_left,file-001.mp4,549,46940,1564.666667,task_A_dataset_frame/outputs/frames_raw/short_head_left_file001_episode000549_frame046940_t1564667.jpg,task_A_dataset_frame/outputs/frames_selected/600_baseline/short_head_left_file001_episode000549_frame046940_t1564667.jpg,stratified_coverage+visual_hard_candidate,hard_score=0.117440; brightness=0.578288; contrast=0.157373; edge_density=0.129844; sharpness=0.003738
325,short,head_left,file-001.mp4,549,47020,1567.333333,task_A_dataset_frame/outputs/frames_raw/short_head_left_file001_episode000549_frame047020_t1567333.jpg,task_A_dataset_frame/outputs/frames_selected/600_baseline/short_head_left_file001_episode000549_frame047020_t1567333.jpg,stratified_coverage,hard_score=0.113176; brightness=0.583368; contrast=0.149404; edge_density=0.113802; sharpness=0.003321
326,short,head_left,file-001.mp4,550,47100,1570.000000,task_A_dataset_frame/outputs/frames_raw/short_head_left_file001_episode000550_frame047100_t1570000.jpg,task_A_dataset_frame/outputs/frames_selected/600_baseline/short_head_left_file001_episode000550_frame047100_t1570000.jpg,stratified_coverage+visual_hard_candidate,hard_score=0.119436; brightness=0.584024; contrast=0.155633; edge_density=0.128385; sharpness=0.003749
327,short,head_left,file-001.mp4,550,47180,1572.666667,task_A_dataset_frame/outputs/frames_raw/short_head_left_file001_episode000550_frame047180_t1572667.jpg,task_A_dataset_frame/outputs/frames_selected/600_baseline/short_head_left_file001_episode000550_frame047180_t1572667.jpg,stratified_coverage,hard_score=0.117226; brightness=0.582354; contrast=0.152696; edge_density=0.126250; sharpness=0.003740
328,short,head_left,file-001.mp4,552,47500,1583.333333,task_A_dataset_frame/outputs/frames_raw/short_head_left_file001_episode000552_frame047500_t1583333.jpg,task_A_dataset_frame/outputs/frames_selected/600_baseline/short_head_left_file001_episode000552_frame047500_t1583333.jpg,stratified_coverage,hard_score=0.112928; brightness=0.575988; contrast=0.155299; edge_density=0.120365; sharpness=0.003540
329,short,head_left,file-001.mp4,554,47980,1599.333333,task_A_dataset_frame/outputs/frames_raw/short_head_left_file001_episode000554_frame047980_t1599333.jpg,task_A_dataset_frame/outputs/frames_selected/600_baseline/short_head_left_file001_episode000554_frame047980_t1599333.jpg,stratified_coverage,hard_score=0.110985; brightness=0.582788; contrast=0.148424; edge_density=0.108281; sharpness=0.003228
330,short,head_left,file-001.mp4,556,48380,1612.666667,task_A_dataset_frame/outputs/frames_raw/short_head_left_file001_episode000556_frame048380_t1612667.jpg,task_A_dataset_frame/outputs/frames_selected/600_baseline/short_head_left_file001_episode000556_frame048380_t1612667.jpg,stratified_coverage,hard_score=0.112360; brightness=0.588569; contrast=0.145677; edge_density=0.105521; sharpness=0.003035
331,short,head_left,file-001.mp4,559,48860,1628.666667,task_A_dataset_frame/outputs/frames_raw/short_head_left_file001_episode000559_frame048860_t1628667.jpg,task_A_dataset_frame/outputs/frames_selected/600_baseline/short_head_left_file001_episode000559_frame048860_t1628667.jpg,stratified_coverage,hard_score=0.112955; brightness=0.578958; contrast=0.153090; edge_density=0.117344; sharpness=0.003381
332,short,head_left,file-001.mp4,561,49340,1644.666667,task_A_dataset_frame/outputs/frames_raw/short_head_left_file001_episode000561_frame049340_t1644667.jpg,task_A_dataset_frame/outputs/frames_selected/600_baseline/short_head_left_file001_episode000561_frame049340_t1644667.jpg,stratified_coverage,hard_score=0.111105; brightness=0.587665; contrast=0.144467; edge_density=0.103854; sharpness=0.003015
333,short,head_left,file-001.mp4,564,49820,1660.666667,task_A_dataset_frame/outputs/frames_raw/short_head_left_file001_episode000564_frame049820_t1660667.jpg,task_A_dataset_frame/outputs/frames_selected/600_baseline/short_head_left_file001_episode000564_frame049820_t1660667.jpg,stratified_coverage,hard_score=0.113321; brightness=0.575489; contrast=0.155808; edge_density=0.122083; sharpness=0.003501
334,short,head_left,file-001.mp4,565,49980,1666.000000,task_A_dataset_frame/outputs/frames_raw/short_head_left_file001_episode000565_frame049980_t1666000.jpg,task_A_dataset_frame/outputs/frames_selected/600_baseline/short_head_left_file001_episode000565_frame049980_t1666000.jpg,stratified_coverage+visual_hard_candidate,hard_score=0.117829; brightness=0.581047; contrast=0.157098; edge_density=0.126771; sharpness=0.003737
335,short,head_left,file-001.mp4,566,50220,1674.000000,task_A_dataset_frame/outputs/frames_raw/short_head_left_file001_episode000566_frame050220_t1674000.jpg,task_A_dataset_frame/outputs/frames_selected/600_baseline/short_head_left_file001_episode000566_frame050220_t1674000.jpg,stratified_coverage,hard_score=0.108943; brightness=0.565752; contrast=0.162519; edge_density=0.118125; sharpness=0.003561
336,short,head_left,file-001.mp4,569,50700,1690.000000,task_A_dataset_frame/outputs/frames_raw/short_head_left_file001_episode000569_frame050700_t1690000.jpg,task_A_dataset_frame/outputs/frames_selected/600_baseline/short_head_left_file001_episode000569_frame050700_t1690000.jpg,stratified_coverage,hard_score=0.115587; brightness=0.578034; contrast=0.161030; edge_density=0.121042; sharpness=0.003918
337,short,head_left,file-001.mp4,571,51180,1706.000000,task_A_dataset_frame/outputs/frames_raw/short_head_left_file001_episode000571_frame051180_t1706000.jpg,task_A_dataset_frame/outputs/frames_selected/600_baseline/short_head_left_file001_episode000571_frame051180_t1706000.jpg,stratified_coverage,hard_score=0.110496; brightness=0.573080; contrast=0.154763; edge_density=0.117552; sharpness=0.003406
338,short,head_left,file-001.mp4,574,51660,1722.000000,task_A_dataset_frame/outputs/frames_raw/short_head_left_file001_episode000574_frame051660_t1722000.jpg,task_A_dataset_frame/outputs/frames_selected/600_baseline/short_head_left_file001_episode000574_frame051660_t1722000.jpg,stratified_coverage,hard_score=0.116793; brightness=0.583255; contrast=0.154412; edge_density=0.121875; sharpness=0.003739
339,short,head_left,file-001.mp4,576,52060,1735.333333,task_A_dataset_frame/outputs/frames_raw/short_head_left_file001_episode000576_frame052060_t1735333.jpg,task_A_dataset_frame/outputs/frames_selected/600_baseline/short_head_left_file001_episode000576_frame052060_t1735333.jpg,stratified_coverage,hard_score=0.112672; brightness=0.566438; contrast=0.167185; edge_density=0.125521; sharpness=0.003766
340,short,head_left,file-001.mp4,578,52540,1751.333333,task_A_dataset_frame/outputs/frames_raw/short_head_left_file001_episode000578_frame052540_t1751333.jpg,task_A_dataset_frame/outputs/frames_selected/600_baseline/short_head_left_file001_episode000578_frame052540_t1751333.jpg,stratified_coverage,hard_score=0.110283; brightness=0.568799; contrast=0.157911; edge_density=0.121354; sharpness=0.003655
341,short,head_left,file-001.mp4,581,53020,1767.333333,task_A_dataset_frame/outputs/frames_raw/short_head_left_file001_episode000581_frame053020_t1767333.jpg,task_A_dataset_frame/outputs/frames_selected/600_baseline/short_head_left_file001_episode000581_frame053020_t1767333.jpg,stratified_coverage,hard_score=0.113350; brightness=0.568907; contrast=0.164774; edge_density=0.125677; sharpness=0.003925
342,short,head_left,file-001.mp4,583,53500,1783.333333,task_A_dataset_frame/outputs/frames_raw/short_head_left_file001_episode000583_frame053500_t1783333.jpg,task_A_dataset_frame/outputs/frames_selected/600_baseline/short_head_left_file001_episode000583_frame053500_t1783333.jpg,stratified_coverage,hard_score=0.109370; brightness=0.565125; contrast=0.162794; edge_density=0.120365; sharpness=0.003603
343,short,head_left,file-001.mp4,585,53900,1796.666667,task_A_dataset_frame/outputs/frames_raw/short_head_left_file001_episode000585_frame053900_t1796667.jpg,task_A_dataset_frame/outputs/frames_selected/600_baseline/short_head_left_file001_episode000585_frame053900_t1796667.jpg,stratified_coverage,hard_score=0.109342; brightness=0.562798; contrast=0.164836; edge_density=0.122448; sharpness=0.003652
344,short,head_left,file-001.mp4,588,54390,1813.000000,task_A_dataset_frame/outputs/frames_raw/short_head_left_file001_episode000588_frame054390_t1813000.jpg,task_A_dataset_frame/outputs/frames_selected/600_baseline/short_head_left_file001_episode000588_frame054390_t1813000.jpg,stratified_coverage,hard_score=0.112759; brightness=0.570561; contrast=0.160226; edge_density=0.124740; sharpness=0.003754
345,short,head_left,file-001.mp4,590,54870,1829.000000,task_A_dataset_frame/outputs/frames_raw/short_head_left_file001_episode000590_frame054870_t1829000.jpg,task_A_dataset_frame/outputs/frames_selected/600_baseline/short_head_left_file001_episode000590_frame054870_t1829000.jpg,stratified_coverage,hard_score=0.112891; brightness=0.576070; contrast=0.154423; edge_density=0.120833; sharpness=0.003576
346,short,head_left,file-001.mp4,593,55350,1845.000000,task_A_dataset_frame/outputs/frames_raw/short_head_left_file001_episode000593_frame055350_t1845000.jpg,task_A_dataset_frame/outputs/frames_selected/600_baseline/short_head_left_file001_episode000593_frame055350_t1845000.jpg,stratified_coverage,hard_score=0.112070; brightness=0.572404; contrast=0.156909; edge_density=0.122135; sharpness=0.003662
347,short,head_left,file-001.mp4,595,55750,1858.333333,task_A_dataset_frame/outputs/frames_raw/short_head_left_file001_episode000595_frame055750_t1858333.jpg,task_A_dataset_frame/outputs/frames_selected/600_baseline/short_head_left_file001_episode000595_frame055750_t1858333.jpg,stratified_coverage,hard_score=0.112259; brightness=0.578267; contrast=0.151815; edge_density=0.117240; sharpness=0.003420
348,short,head_left,file-001.mp4,597,56070,1869.000000,task_A_dataset_frame/outputs/frames_raw/short_head_left_file001_episode000597_frame056070_t1869000.jpg,task_A_dataset_frame/outputs/frames_selected/600_baseline/short_head_left_file001_episode000597_frame056070_t1869000.jpg,stratified_coverage+visual_hard_candidate,hard_score=0.117545; brightness=0.583277; contrast=0.157438; edge_density=0.121823; sharpness=0.003916
349,short,head_left,file-001.mp4,597,56150,1871.666667,task_A_dataset_frame/outputs/frames_raw/short_head_left_file001_episode000597_frame056150_t1871667.jpg,task_A_dataset_frame/outputs/frames_selected/600_baseline/short_head_left_file001_episode000597_frame056150_t1871667.jpg,stratified_coverage+visual_hard_candidate,hard_score=0.117910; brightness=0.574651; contrast=0.159899; edge_density=0.135365; sharpness=0.003783
350,short,head_left,file-001.mp4,597,56230,1874.333333,task_A_dataset_frame/outputs/frames_raw/short_head_left_file001_episode000597_frame056230_t1874333.jpg,task_A_dataset_frame/outputs/frames_selected/600_baseline/short_head_left_file001_episode000597_frame056230_t1874333.jpg,stratified_coverage,hard_score=0.112505; brightness=0.582367; contrast=0.150349; edge_density=0.112448; sharpness=0.003365
351,short,head_left,file-001.mp4,600,56710,1890.333333,task_A_dataset_frame/outputs/frames_raw/short_head_left_file001_episode000600_frame056710_t1890333.jpg,task_A_dataset_frame/outputs/frames_selected/600_baseline/short_head_left_file001_episode000600_frame056710_t1890333.jpg,stratified_coverage,hard_score=0.111474; brightness=0.568949; contrast=0.160808; edge_density=0.122656; sharpness=0.003673
352,short,head_left,file-001.mp4,602,57190,1906.333333,task_A_dataset_frame/outputs/frames_raw/short_head_left_file001_episode000602_frame057190_t1906333.jpg,task_A_dataset_frame/outputs/frames_selected/600_baseline/short_head_left_file001_episode000602_frame057190_t1906333.jpg,stratified_coverage,hard_score=0.110826; brightness=0.577066; contrast=0.152674; edge_density=0.113750; sharpness=0.003312
353,short,head_left,file-001.mp4,604,57590,1919.666667,task_A_dataset_frame/outputs/frames_raw/short_head_left_file001_episode000604_frame057590_t1919667.jpg,task_A_dataset_frame/outputs/frames_selected/600_baseline/short_head_left_file001_episode000604_frame057590_t1919667.jpg,stratified_coverage,hard_score=0.111115; brightness=0.586220; contrast=0.145271; edge_density=0.105625; sharpness=0.003064
354,short,head_left,file-001.mp4,607,57990,1933.000000,task_A_dataset_frame/outputs/frames_raw/short_head_left_file001_episode000607_frame057990_t1933000.jpg,task_A_dataset_frame/outputs/frames_selected/600_baseline/short_head_left_file001_episode000607_frame057990_t1933000.jpg,stratified_coverage+visual_hard_candidate,hard_score=0.118025; brightness=0.583942; contrast=0.156529; edge_density=0.123073; sharpness=0.003656
355,short,head_left,file-001.mp4,607,58070,1935.666667,task_A_dataset_frame/outputs/frames_raw/short_head_left_file001_episode000607_frame058070_t1935667.jpg,task_A_dataset_frame/outputs/frames_selected/600_baseline/short_head_left_file001_episode000607_frame058070_t1935667.jpg,stratified_coverage,hard_score=0.114622; brightness=0.579163; contrast=0.154034; edge_density=0.121771; sharpness=0.003396
356,short,head_left,file-001.mp4,609,58550,1951.666667,task_A_dataset_frame/outputs/frames_raw/short_head_left_file001_episode000609_frame058550_t1951667.jpg,task_A_dataset_frame/outputs/frames_selected/600_baseline/short_head_left_file001_episode000609_frame058550_t1951667.jpg,stratified_coverage,hard_score=0.111151; brightness=0.586307; contrast=0.145366; edge_density=0.105521; sharpness=0.003063
357,short,head_left,file-002.mp4,612,480,16.000000,task_A_dataset_frame/outputs/frames_raw/short_head_left_file002_episode000612_frame000480_t016000.jpg,task_A_dataset_frame/outputs/frames_selected/600_baseline/short_head_left_file002_episode000612_frame000480_t016000.jpg,stratified_coverage,hard_score=0.112581; brightness=0.567177; contrast=0.161843; edge_density=0.128438; sharpness=0.003674
358,short,head_left,file-002.mp4,614,800,26.666667,task_A_dataset_frame/outputs/frames_raw/short_head_left_file002_episode000614_frame000800_t026667.jpg,task_A_dataset_frame/outputs/frames_selected/600_baseline/short_head_left_file002_episode000614_frame000800_t026667.jpg,stratified_coverage,hard_score=0.116670; brightness=0.575441; contrast=0.160048; edge_density=0.129792; sharpness=0.003829
359,short,head_left,file-002.mp4,617,1360,45.333333,task_A_dataset_frame/outputs/frames_raw/short_head_left_file002_episode000617_frame001360_t045333.jpg,task_A_dataset_frame/outputs/frames_selected/600_baseline/short_head_left_file002_episode000617_frame001360_t045333.jpg,stratified_coverage,hard_score=0.114956; brightness=0.576336; contrast=0.159528; edge_density=0.123021; sharpness=0.003821
360,short,head_left,file-002.mp4,619,1840,61.333333,task_A_dataset_frame/outputs/frames_raw/short_head_left_file002_episode000619_frame001840_t061333.jpg,task_A_dataset_frame/outputs/frames_selected/600_baseline/short_head_left_file002_episode000619_frame001840_t061333.jpg,stratified_coverage,hard_score=0.115093; brightness=0.578062; contrast=0.155999; edge_density=0.123542; sharpness=0.003539
361,short,head_left,file-002.mp4,622,2320,77.333333,task_A_dataset_frame/outputs/frames_raw/short_head_left_file002_episode000622_frame002320_t077333.jpg,task_A_dataset_frame/outputs/frames_selected/600_baseline/short_head_left_file002_episode000622_frame002320_t077333.jpg,stratified_coverage,hard_score=0.116209; brightness=0.581007; contrast=0.158011; edge_density=0.120677; sharpness=0.003844
362,short,head_left,file-002.mp4,624,2720,90.666667,task_A_dataset_frame/outputs/frames_raw/short_head_left_file002_episode000624_frame002720_t090667.jpg,task_A_dataset_frame/outputs/frames_selected/600_baseline/short_head_left_file002_episode000624_frame002720_t090667.jpg,stratified_coverage+visual_hard_candidate,hard_score=0.117528; brightness=0.580933; contrast=0.155746; edge_density=0.127083; sharpness=0.003661
363,short,head_left,file-002.mp4,624,2800,93.333333,task_A_dataset_frame/outputs/frames_raw/short_head_left_file002_episode000624_frame002800_t093333.jpg,task_A_dataset_frame/outputs/frames_selected/600_baseline/short_head_left_file002_episode000624_frame002800_t093333.jpg,stratified_coverage,hard_score=0.110602; brightness=0.576240; contrast=0.153053; edge_density=0.114062; sharpness=0.003321
364,short,head_left,file-002.mp4,626,3200,106.666667,task_A_dataset_frame/outputs/frames_raw/short_head_left_file002_episode000626_frame003200_t106667.jpg,task_A_dataset_frame/outputs/frames_selected/600_baseline/short_head_left_file002_episode000626_frame003200_t106667.jpg,stratified_coverage,hard_score=0.109445; brightness=0.565713; contrast=0.162352; edge_density=0.120000; sharpness=0.003547
365,short,head_left,file-002.mp4,629,3680,122.666667,task_A_dataset_frame/outputs/frames_raw/short_head_left_file002_episode000629_frame003680_t122667.jpg,task_A_dataset_frame/outputs/frames_selected/600_baseline/short_head_left_file002_episode000629_frame003680_t122667.jpg,stratified_coverage,hard_score=0.114367; brightness=0.581566; contrast=0.151899; edge_density=0.118698; sharpness=0.003466
366,short,head_left,file-002.mp4,631,4160,138.666667,task_A_dataset_frame/outputs/frames_raw/short_head_left_file002_episode000631_frame004160_t138667.jpg,task_A_dataset_frame/outputs/frames_selected/600_baseline/short_head_left_file002_episode000631_frame004160_t138667.jpg,stratified_coverage,hard_score=0.110136; brightness=0.566593; contrast=0.163047; edge_density=0.120260; sharpness=0.003623
367,short,head_left,file-002.mp4,634,4650,155.000000,task_A_dataset_frame/outputs/frames_raw/short_head_left_file002_episode000634_frame004650_t155000.jpg,task_A_dataset_frame/outputs/frames_selected/600_baseline/short_head_left_file002_episode000634_frame004650_t155000.jpg,stratified_coverage+visual_hard_candidate,hard_score=0.117814; brightness=0.571157; contrast=0.164005; edge_density=0.137448; sharpness=0.004034
368,short,head_left,file-002.mp4,635,4810,160.333333,task_A_dataset_frame/outputs/frames_raw/short_head_left_file002_episode000635_frame004810_t160333.jpg,task_A_dataset_frame/outputs/frames_selected/600_baseline/short_head_left_file002_episode000635_frame004810_t160333.jpg,stratified_coverage+visual_hard_candidate,hard_score=0.117560; brightness=0.581847; contrast=0.158107; edge_density=0.123698; sharpness=0.003780
369,short,head_left,file-002.mp4,636,5050,168.333333,task_A_dataset_frame/outputs/frames_raw/short_head_left_file002_episode000636_frame005050_t168333.jpg,task_A_dataset_frame/outputs/frames_selected/600_baseline/short_head_left_file002_episode000636_frame005050_t168333.jpg,stratified_coverage+visual_hard_candidate,hard_score=0.118401; brightness=0.577258; contrast=0.160712; edge_density=0.131979; sharpness=0.003879
370,short,head_left,file-002.mp4,636,5130,171.000000,task_A_dataset_frame/outputs/frames_raw/short_head_left_file002_episode000636_frame005130_t171000.jpg,task_A_dataset_frame/outputs/frames_selected/600_baseline/short_head_left_file002_episode000636_frame005130_t171000.jpg,stratified_coverage+visual_hard_candidate,hard_score=0.117730; brightness=0.576503; contrast=0.161414; edge_density=0.130417; sharpness=0.003935
371,short,head_left,file-002.mp4,638,5530,184.333333,task_A_dataset_frame/outputs/frames_raw/short_head_left_file002_episode000638_frame005530_t184333.jpg,task_A_dataset_frame/outputs/frames_selected/600_baseline/short_head_left_file002_episode000638_frame005530_t184333.jpg,stratified_coverage,hard_score=0.113026; brightness=0.580034; contrast=0.151162; edge_density=0.117396; sharpness=0.003398
372,short,head_left,file-002.mp4,641,6010,200.333333,task_A_dataset_frame/outputs/frames_raw/short_head_left_file002_episode000641_frame006010_t200333.jpg,task_A_dataset_frame/outputs/frames_selected/600_baseline/short_head_left_file002_episode000641_frame006010_t200333.jpg,stratified_coverage,hard_score=0.112682; brightness=0.576912; contrast=0.154407; edge_density=0.118750; sharpness=0.003605
373,short,head_left,file-002.mp4,643,6490,216.333333,task_A_dataset_frame/outputs/frames_raw/short_head_left_file002_episode000643_frame006490_t216333.jpg,task_A_dataset_frame/outputs/frames_selected/600_baseline/short_head_left_file002_episode000643_frame006490_t216333.jpg,stratified_coverage,hard_score=0.113505; brightness=0.581865; contrast=0.150414; edge_density=0.116562; sharpness=0.003540
374,short,head_left,file-002.mp4,645,6890,229.666667,task_A_dataset_frame/outputs/frames_raw/short_head_left_file002_episode000645_frame006890_t229667.jpg,task_A_dataset_frame/outputs/frames_selected/600_baseline/short_head_left_file002_episode000645_frame006890_t229667.jpg,stratified_coverage,hard_score=0.112315; brightness=0.582670; contrast=0.148169; edge_density=0.113125; sharpness=0.003221
375,short,head_left,file-002.mp4,648,7370,245.666667,task_A_dataset_frame/outputs/frames_raw/short_head_left_file002_episode000648_frame007370_t245667.jpg,task_A_dataset_frame/outputs/frames_selected/600_baseline/short_head_left_file002_episode000648_frame007370_t245667.jpg,stratified_coverage,hard_score=0.112702; brightness=0.571650; contrast=0.159570; edge_density=0.123281; sharpness=0.003730
376,short,head_left,file-002.mp4,650,7770,259.000000,task_A_dataset_frame/outputs/frames_raw/short_head_left_file002_episode000650_frame007770_t259000.jpg,task_A_dataset_frame/outputs/frames_selected/600_baseline/short_head_left_file002_episode000650_frame007770_t259000.jpg,stratified_coverage,hard_score=0.117202; brightness=0.574482; contrast=0.159783; edge_density=0.133385; sharpness=0.003729
377,short,head_left,file-002.mp4,650,7850,261.666667,task_A_dataset_frame/outputs/frames_raw/short_head_left_file002_episode000650_frame007850_t261667.jpg,task_A_dataset_frame/outputs/frames_selected/600_baseline/short_head_left_file002_episode000650_frame007850_t261667.jpg,stratified_coverage,hard_score=0.112638; brightness=0.582448; contrast=0.149471; edge_density=0.113490; sharpness=0.003366
378,short,head_left,file-002.mp4,653,8330,277.666667,task_A_dataset_frame/outputs/frames_raw/short_head_left_file002_episode000653_frame008330_t277667.jpg,task_A_dataset_frame/outputs/frames_selected/600_baseline/short_head_left_file002_episode000653_frame008330_t277667.jpg,stratified_coverage,hard_score=0.117012; brightness=0.575486; contrast=0.159828; edge_density=0.131042; sharpness=0.003825
379,short,head_left,file-002.mp4,655,8730,291.000000,task_A_dataset_frame/outputs/frames_raw/short_head_left_file002_episode000655_frame008730_t291000.jpg,task_A_dataset_frame/outputs/frames_selected/600_baseline/short_head_left_file002_episode000655_frame008730_t291000.jpg,stratified_coverage,hard_score=0.109009; brightness=0.560956; contrast=0.165125; edge_density=0.124167; sharpness=0.003697
380,short,head_left,file-002.mp4,657,9210,307.000000,task_A_dataset_frame/outputs/frames_raw/short_head_left_file002_episode000657_frame009210_t307000.jpg,task_A_dataset_frame/outputs/frames_selected/600_baseline/short_head_left_file002_episode000657_frame009210_t307000.jpg,stratified_coverage,hard_score=0.110978; brightness=0.584554; contrast=0.144741; edge_density=0.108385; sharpness=0.003153
381,short,head_left,file-002.mp4,660,9690,323.000000,task_A_dataset_frame/outputs/frames_raw/short_head_left_file002_episode000660_frame009690_t323000.jpg,task_A_dataset_frame/outputs/frames_selected/600_baseline/short_head_left_file002_episode000660_frame009690_t323000.jpg,stratified_coverage,hard_score=0.111450; brightness=0.575479; contrast=0.153716; edge_density=0.117604; sharpness=0.003415
382,short,head_left,file-002.mp4,662,10170,339.000000,task_A_dataset_frame/outputs/frames_raw/short_head_left_file002_episode000662_frame010170_t339000.jpg,task_A_dataset_frame/outputs/frames_selected/600_baseline/short_head_left_file002_episode000662_frame010170_t339000.jpg,stratified_coverage,hard_score=0.112020; brightness=0.589655; contrast=0.145082; edge_density=0.103073; sharpness=0.003048
383,short,head_left,file-002.mp4,665,10570,352.333333,task_A_dataset_frame/outputs/frames_raw/short_head_left_file002_episode000665_frame010570_t352333.jpg,task_A_dataset_frame/outputs/frames_selected/600_baseline/short_head_left_file002_episode000665_frame010570_t352333.jpg,stratified_coverage,hard_score=0.117068; brightness=0.581042; contrast=0.158315; edge_density=0.123229; sharpness=0.003729
384,short,head_left,file-002.mp4,667,11050,368.333333,task_A_dataset_frame/outputs/frames_raw/short_head_left_file002_episode000667_frame011050_t368333.jpg,task_A_dataset_frame/outputs/frames_selected/600_baseline/short_head_left_file002_episode000667_frame011050_t368333.jpg,stratified_coverage,hard_score=0.113318; brightness=0.571300; contrast=0.159108; edge_density=0.126302; sharpness=0.003734
385,short,head_left,file-002.mp4,670,11530,384.333333,task_A_dataset_frame/outputs/frames_raw/short_head_left_file002_episode000670_frame011530_t384333.jpg,task_A_dataset_frame/outputs/frames_selected/600_baseline/short_head_left_file002_episode000670_frame011530_t384333.jpg,stratified_coverage,hard_score=0.116015; brightness=0.580809; contrast=0.157941; edge_density=0.120417; sharpness=0.003722
386,short,head_left,file-002.mp4,672,12010,400.333333,task_A_dataset_frame/outputs/frames_raw/short_head_left_file002_episode000672_frame012010_t400333.jpg,task_A_dataset_frame/outputs/frames_selected/600_baseline/short_head_left_file002_episode000672_frame012010_t400333.jpg,stratified_coverage,hard_score=0.113673; brightness=0.571831; contrast=0.158405; edge_density=0.127188; sharpness=0.003715
387,short,head_left,file-002.mp4,674,12410,413.666667,task_A_dataset_frame/outputs/frames_raw/short_head_left_file002_episode000674_frame012410_t413667.jpg,task_A_dataset_frame/outputs/frames_selected/600_baseline/short_head_left_file002_episode000674_frame012410_t413667.jpg,stratified_coverage,hard_score=0.112702; brightness=0.581918; contrast=0.151532; edge_density=0.112865; sharpness=0.003275
388,short,head_left,file-002.mp4,677,12900,430.000000,task_A_dataset_frame/outputs/frames_raw/short_head_left_file002_episode000677_frame012900_t430000.jpg,task_A_dataset_frame/outputs/frames_selected/600_baseline/short_head_left_file002_episode000677_frame012900_t430000.jpg,stratified_coverage,hard_score=0.113986; brightness=0.582013; contrast=0.153857; edge_density=0.115052; sharpness=0.003391
389,short,head_left,file-002.mp4,678,13060,435.333333,task_A_dataset_frame/outputs/frames_raw/short_head_left_file002_episode000678_frame013060_t435333.jpg,task_A_dataset_frame/outputs/frames_selected/600_baseline/short_head_left_file002_episode000678_frame013060_t435333.jpg,stratified_coverage+visual_hard_candidate,hard_score=0.117852; brightness=0.584426; contrast=0.156432; edge_density=0.121771; sharpness=0.003669
390,short,head_left,file-002.mp4,679,13380,446.000000,task_A_dataset_frame/outputs/frames_raw/short_head_left_file002_episode000679_frame013380_t446000.jpg,task_A_dataset_frame/outputs/frames_selected/600_baseline/short_head_left_file002_episode000679_frame013380_t446000.jpg,stratified_coverage,hard_score=0.113943; brightness=0.581382; contrast=0.150884; edge_density=0.118438; sharpness=0.003543
391,short,head_left,file-002.mp4,682,13860,462.000000,task_A_dataset_frame/outputs/frames_raw/short_head_left_file002_episode000682_frame013860_t462000.jpg,task_A_dataset_frame/outputs/frames_selected/600_baseline/short_head_left_file002_episode000682_frame013860_t462000.jpg,stratified_coverage,hard_score=0.113378; brightness=0.563285; contrast=0.167320; edge_density=0.133021; sharpness=0.004084
392,short,head_left,file-002.mp4,683,14020,467.333333,task_A_dataset_frame/outputs/frames_raw/short_head_left_file002_episode000683_frame014020_t467333.jpg,task_A_dataset_frame/outputs/frames_selected/600_baseline/short_head_left_file002_episode000683_frame014020_t467333.jpg,stratified_coverage+visual_hard_candidate,hard_score=0.118154; brightness=0.584263; contrast=0.156654; edge_density=0.122865; sharpness=0.003656
393,short,head_left,file-002.mp4,684,14260,475.333333,task_A_dataset_frame/outputs/frames_raw/short_head_left_file002_episode000684_frame014260_t475333.jpg,task_A_dataset_frame/outputs/frames_selected/600_baseline/short_head_left_file002_episode000684_frame014260_t475333.jpg,stratified_coverage,hard_score=0.113084; brightness=0.574640; contrast=0.155992; edge_density=0.122552; sharpness=0.003695
394,short,head_left,file-002.mp4,686,14740,491.333333,task_A_dataset_frame/outputs/frames_raw/short_head_left_file002_episode000686_frame014740_t491333.jpg,task_A_dataset_frame/outputs/frames_selected/600_baseline/short_head_left_file002_episode000686_frame014740_t491333.jpg,stratified_coverage,hard_score=0.113281; brightness=0.580989; contrast=0.150521; edge_density=0.117188; sharpness=0.003538
395,short,head_left,file-002.mp4,688,14980,499.333333,task_A_dataset_frame/outputs/frames_raw/short_head_left_file002_episode000688_frame014980_t499333.jpg,task_A_dataset_frame/outputs/frames_selected/600_baseline/short_head_left_file002_episode000688_frame014980_t499333.jpg,stratified_coverage+visual_hard_candidate,hard_score=0.117942; brightness=0.583986; contrast=0.157108; edge_density=0.122240; sharpness=0.003690
396,short,head_left,file-002.mp4,689,15220,507.333333,task_A_dataset_frame/outputs/frames_raw/short_head_left_file002_episode000689_frame015220_t507333.jpg,task_A_dataset_frame/outputs/frames_selected/600_baseline/short_head_left_file002_episode000689_frame015220_t507333.jpg,stratified_coverage,hard_score=0.114240; brightness=0.572134; contrast=0.159565; edge_density=0.127604; sharpness=0.003918
397,short,head_left,file-002.mp4,691,15700,523.333333,task_A_dataset_frame/outputs/frames_raw/short_head_left_file002_episode000691_frame015700_t523333.jpg,task_A_dataset_frame/outputs/frames_selected/600_baseline/short_head_left_file002_episode000691_frame015700_t523333.jpg,stratified_coverage,hard_score=0.112382; brightness=0.581816; contrast=0.149898; edge_density=0.113333; sharpness=0.003377
398,short,head_left,file-002.mp4,693,15940,531.333333,task_A_dataset_frame/outputs/frames_raw/short_head_left_file002_episode000693_frame015940_t531333.jpg,task_A_dataset_frame/outputs/frames_selected/600_baseline/short_head_left_file002_episode000693_frame015940_t531333.jpg,stratified_coverage+visual_hard_candidate,hard_score=0.118248; brightness=0.584550; contrast=0.156516; edge_density=0.122813; sharpness=0.003609
399,short,head_left,file-002.mp4,693,16100,536.666667,task_A_dataset_frame/outputs/frames_raw/short_head_left_file002_episode000693_frame016100_t536667.jpg,task_A_dataset_frame/outputs/frames_selected/600_baseline/short_head_left_file002_episode000693_frame016100_t536667.jpg,stratified_coverage,hard_score=0.112536; brightness=0.582363; contrast=0.149916; edge_density=0.112917; sharpness=0.003427
400,short,head_left,file-002.mp4,696,16580,552.666667,task_A_dataset_frame/outputs/frames_raw/short_head_left_file002_episode000696_frame016580_t552667.jpg,task_A_dataset_frame/outputs/frames_selected/600_baseline/short_head_left_file002_episode000696_frame016580_t552667.jpg,stratified_coverage,hard_score=0.114203; brightness=0.580122; contrast=0.153070; edge_density=0.119583; sharpness=0.003421
401,short,head_left,file-002.mp4,698,16900,563.333333,task_A_dataset_frame/outputs/frames_raw/short_head_left_file002_episode000698_frame016900_t563333.jpg,task_A_dataset_frame/outputs/frames_selected/600_baseline/short_head_left_file002_episode000698_frame016900_t563333.jpg,stratified_coverage+visual_hard_candidate,hard_score=0.119275; brightness=0.584185; contrast=0.156856; edge_density=0.126562; sharpness=0.003715
402,short,head_left,file-002.mp4,698,17060,568.666667,task_A_dataset_frame/outputs/frames_raw/short_head_left_file002_episode000698_frame017060_t568667.jpg,task_A_dataset_frame/outputs/frames_selected/600_baseline/short_head_left_file002_episode000698_frame017060_t568667.jpg,stratified_coverage,hard_score=0.111453; brightness=0.576701; contrast=0.154537; edge_density=0.114896; sharpness=0.003429
403,short,head_left,file-002.mp4,699,17140,571.333333,task_A_dataset_frame/outputs/frames_raw/short_head_left_file002_episode000699_frame017140_t571333.jpg,task_A_dataset_frame/outputs/frames_selected/600_baseline/short_head_left_file002_episode000699_frame017140_t571333.jpg,stratified_coverage+visual_hard_candidate,hard_score=0.121818; brightness=0.586250; contrast=0.152959; edge_density=0.134844; sharpness=0.003815
404,short,head_left,file-002.mp4,699,17220,574.000000,task_A_dataset_frame/outputs/frames_raw/short_head_left_file002_episode000699_frame017220_t574000.jpg,task_A_dataset_frame/outputs/frames_selected/600_baseline/short_head_left_file002_episode000699_frame017220_t574000.jpg,stratified_coverage+visual_hard_candidate,hard_score=0.119673; brightness=0.584958; contrast=0.152777; edge_density=0.130000; sharpness=0.003689
405,short,head_left,file-002.mp4,701,17540,584.666667,task_A_dataset_frame/outputs/frames_raw/short_head_left_file002_episode000701_frame017540_t584667.jpg,task_A_dataset_frame/outputs/frames_selected/600_baseline/short_head_left_file002_episode000701_frame017540_t584667.jpg,stratified_coverage,hard_score=0.113100; brightness=0.570962; contrast=0.160226; edge_density=0.125208; sharpness=0.003749
406,short,head_left,file-002.mp4,703,17940,598.000000,task_A_dataset_frame/outputs/frames_raw/short_head_left_file002_episode000703_frame017940_t598000.jpg,task_A_dataset_frame/outputs/frames_selected/600_baseline/short_head_left_file002_episode000703_frame017940_t598000.jpg,stratified_coverage+visual_hard_candidate,hard_score=0.119856; brightness=0.587255; contrast=0.154915; edge_density=0.125000; sharpness=0.003400
407,short,head_left,file-002.mp4,705,18420,614.000000,task_A_dataset_frame/outputs/frames_raw/short_head_left_file002_episode000705_frame018420_t614000.jpg,task_A_dataset_frame/outputs/frames_selected/600_baseline/short_head_left_file002_episode000705_frame018420_t614000.jpg,stratified_coverage,hard_score=0.112957; brightness=0.588207; contrast=0.147287; edge_density=0.106771; sharpness=0.003135
408,short,head_left,file-002.mp4,708,18820,627.333333,task_A_dataset_frame/outputs/frames_raw/short_head_left_file002_episode000708_frame018820_t627333.jpg,task_A_dataset_frame/outputs/frames_selected/600_baseline/short_head_left_file002_episode000708_frame018820_t627333.jpg,stratified_coverage+visual_hard_candidate,hard_score=0.118698; brightness=0.584111; contrast=0.156258; edge_density=0.125260; sharpness=0.003660
409,short,head_left,file-002.mp4,708,18900,630.000000,task_A_dataset_frame/outputs/frames_raw/short_head_left_file002_episode000708_frame018900_t630000.jpg,task_A_dataset_frame/outputs/frames_selected/600_baseline/short_head_left_file002_episode000708_frame018900_t630000.jpg,stratified_coverage,hard_score=0.117167; brightness=0.571667; contrast=0.160709; edge_density=0.137187; sharpness=0.003839
410,short,head_left,file-002.mp4,709,19060,635.333333,task_A_dataset_frame/outputs/frames_raw/short_head_left_file002_episode000709_frame019060_t635333.jpg,task_A_dataset_frame/outputs/frames_selected/600_baseline/short_head_left_file002_episode000709_frame019060_t635333.jpg,stratified_coverage+visual_hard_candidate,hard_score=0.117830; brightness=0.573990; contrast=0.162652; edge_density=0.133906; sharpness=0.003979
411,short,head_left,file-002.mp4,710,19380,646.000000,task_A_dataset_frame/outputs/frames_raw/short_head_left_file002_episode000710_frame019380_t646000.jpg,task_A_dataset_frame/outputs/frames_selected/600_baseline/short_head_left_file002_episode000710_frame019380_t646000.jpg,stratified_coverage,hard_score=0.112835; brightness=0.584932; contrast=0.147162; edge_density=0.111927; sharpness=0.003151
412,short,head_left,file-002.mp4,713,19780,659.333333,task_A_dataset_frame/outputs/frames_raw/short_head_left_file002_episode000713_frame019780_t659333.jpg,task_A_dataset_frame/outputs/frames_selected/600_baseline/short_head_left_file002_episode000713_frame019780_t659333.jpg,stratified_coverage+visual_hard_candidate,hard_score=0.119573; brightness=0.583992; contrast=0.157122; edge_density=0.127656; sharpness=0.003680
413,short,head_left,file-002.mp4,713,19860,662.000000,task_A_dataset_frame/outputs/frames_raw/short_head_left_file002_episode000713_frame019860_t662000.jpg,task_A_dataset_frame/outputs/frames_selected/600_baseline/short_head_left_file002_episode000713_frame019860_t662000.jpg,stratified_coverage,hard_score=0.109524; brightness=0.567541; contrast=0.161386; edge_density=0.118021; sharpness=0.003430
414,short,head_left,file-002.mp4,715,20260,675.333333,task_A_dataset_frame/outputs/frames_raw/short_head_left_file002_episode000715_frame020260_t675333.jpg,task_A_dataset_frame/outputs/frames_selected/600_baseline/short_head_left_file002_episode000715_frame020260_t675333.jpg,stratified_coverage,hard_score=0.115517; brightness=0.572866; contrast=0.158400; edge_density=0.131615; sharpness=0.003849
415,short,head_left,file-002.mp4,718,20740,691.333333,task_A_dataset_frame/outputs/frames_raw/short_head_left_file002_episode000718_frame020740_t691333.jpg,task_A_dataset_frame/outputs/frames_selected/600_baseline/short_head_left_file002_episode000718_frame020740_t691333.jpg,stratified_coverage,hard_score=0.116685; brightness=0.585127; contrast=0.155861; edge_density=0.117188; sharpness=0.003596
416,short,head_left,file-002.mp4,720,21150,705.000000,task_A_dataset_frame/outputs/frames_raw/short_head_left_file002_episode000720_frame021150_t705000.jpg,task_A_dataset_frame/outputs/frames_selected/600_baseline/short_head_left_file002_episode000720_frame021150_t705000.jpg,stratified_coverage,hard_score=0.117130; brightness=0.577341; contrast=0.161337; edge_density=0.127083; sharpness=0.003865
417,short,head_left,file-002.mp4,720,21230,707.666667,task_A_dataset_frame/outputs/frames_raw/short_head_left_file002_episode000720_frame021230_t707667.jpg,task_A_dataset_frame/outputs/frames_selected/600_baseline/short_head_left_file002_episode000720_frame021230_t707667.jpg,stratified_coverage,hard_score=0.115395; brightness=0.574092; contrast=0.160020; edge_density=0.127812; sharpness=0.003626
418,short,head_left,file-002.mp4,723,21710,723.666667,task_A_dataset_frame/outputs/frames_raw/short_head_left_file002_episode000723_frame021710_t723667.jpg,task_A_dataset_frame/outputs/frames_selected/600_baseline/short_head_left_file002_episode000723_frame021710_t723667.jpg,stratified_coverage,hard_score=0.115891; brightness=0.580396; contrast=0.159899; edge_density=0.119063; sharpness=0.003879
419,short,head_left,file-002.mp4,723,21790,726.333333,task_A_dataset_frame/outputs/frames_raw/short_head_left_file002_episode000723_frame021790_t726333.jpg,task_A_dataset_frame/outputs/frames_selected/600_baseline/short_head_left_file002_episode000723_frame021790_t726333.jpg,stratified_coverage,hard_score=0.116732; brightness=0.574950; contrast=0.159528; edge_density=0.131250; sharpness=0.003601
420,short,head_left,file-002.mp4,725,22110,737.000000,task_A_dataset_frame/outputs/frames_raw/short_head_left_file002_episode000725_frame022110_t737000.jpg,task_A_dataset_frame/outputs/frames_selected/600_baseline/short_head_left_file002_episode000725_frame022110_t737000.jpg,stratified_coverage,hard_score=0.114847; brightness=0.581277; contrast=0.153460; edge_density=0.119479; sharpness=0.003557
421,short,head_left,file-002.mp4,727,22590,753.000000,task_A_dataset_frame/outputs/frames_raw/short_head_left_file002_episode000727_frame022590_t753000.jpg,task_A_dataset_frame/outputs/frames_selected/600_baseline/short_head_left_file002_episode000727_frame022590_t753000.jpg,stratified_coverage,hard_score=0.113066; brightness=0.581169; contrast=0.151989; edge_density=0.114948; sharpness=0.003446
422,short,head_left,file-002.mp4,730,23070,769.000000,task_A_dataset_frame/outputs/frames_raw/short_head_left_file002_episode000730_frame023070_t769000.jpg,task_A_dataset_frame/outputs/frames_selected/600_baseline/short_head_left_file002_episode000730_frame023070_t769000.jpg,stratified_coverage,hard_score=0.111958; brightness=0.562779; contrast=0.169335; edge_density=0.127448; sharpness=0.003838
423,short,head_left,file-002.mp4,731,23310,777.000000,task_A_dataset_frame/outputs/frames_raw/short_head_left_file002_episode000731_frame023310_t777000.jpg,task_A_dataset_frame/outputs/frames_selected/600_baseline/short_head_left_file002_episode000731_frame023310_t777000.jpg,stratified_coverage+visual_hard_candidate,hard_score=0.120272; brightness=0.586058; contrast=0.151287; edge_density=0.131406; sharpness=0.003619
424,short,head_left,file-002.mp4,732,23550,785.000000,task_A_dataset_frame/outputs/frames_raw/short_head_left_file002_episode000732_frame023550_t785000.jpg,task_A_dataset_frame/outputs/frames_selected/600_baseline/short_head_left_file002_episode000732_frame023550_t785000.jpg,stratified_coverage,hard_score=0.110696; brightness=0.571962; contrast=0.156359; edge_density=0.118750; sharpness=0.003626
425,short,head_left,file-002.mp4,734,23950,798.333333,task_A_dataset_frame/outputs/frames_raw/short_head_left_file002_episode000734_frame023950_t798333.jpg,task_A_dataset_frame/outputs/frames_selected/600_baseline/short_head_left_file002_episode000734_frame023950_t798333.jpg,stratified_coverage,hard_score=0.110909; brightness=0.563364; contrast=0.164095; edge_density=0.127344; sharpness=0.003871
426,short,head_left,file-002.mp4,737,24430,814.333333,task_A_dataset_frame/outputs/frames_raw/short_head_left_file002_episode000737_frame024430_t814333.jpg,task_A_dataset_frame/outputs/frames_selected/600_baseline/short_head_left_file002_episode000737_frame024430_t814333.jpg,stratified_coverage,hard_score=0.113399; brightness=0.573483; contrast=0.157943; edge_density=0.123906; sharpness=0.003685
427,short,head_left,file-002.mp4,739,24910,830.333333,task_A_dataset_frame/outputs/frames_raw/short_head_left_file002_episode000739_frame024910_t830333.jpg,task_A_dataset_frame/outputs/frames_selected/600_baseline/short_head_left_file002_episode000739_frame024910_t830333.jpg,stratified_coverage,hard_score=0.113459; brightness=0.571815; contrast=0.159268; edge_density=0.125781; sharpness=0.003690
428,short,head_left,file-002.mp4,742,25390,846.333333,task_A_dataset_frame/outputs/frames_raw/short_head_left_file002_episode000742_frame025390_t846333.jpg,task_A_dataset_frame/outputs/frames_selected/600_baseline/short_head_left_file002_episode000742_frame025390_t846333.jpg,stratified_coverage,hard_score=0.115146; brightness=0.583210; contrast=0.150851; edge_density=0.119427; sharpness=0.003597
429,short,head_left,file-002.mp4,743,25550,851.666667,task_A_dataset_frame/outputs/frames_raw/short_head_left_file002_episode000743_frame025550_t851667.jpg,task_A_dataset_frame/outputs/frames_selected/600_baseline/short_head_left_file002_episode000743_frame025550_t851667.jpg,stratified_coverage,hard_score=0.116885; brightness=0.579089; contrast=0.159986; edge_density=0.124479; sharpness=0.003890
430,short,head_left,file-002.mp4,744,25790,859.666667,task_A_dataset_frame/outputs/frames_raw/short_head_left_file002_episode000744_frame025790_t859667.jpg,task_A_dataset_frame/outputs/frames_selected/600_baseline/short_head_left_file002_episode000744_frame025790_t859667.jpg,stratified_coverage,hard_score=0.112760; brightness=0.579203; contrast=0.152135; edge_density=0.117083; sharpness=0.003489
431,short,head_left,file-002.mp4,746,26190,873.000000,task_A_dataset_frame/outputs/frames_raw/short_head_left_file002_episode000746_frame026190_t873000.jpg,task_A_dataset_frame/outputs/frames_selected/600_baseline/short_head_left_file002_episode000746_frame026190_t873000.jpg,stratified_coverage+visual_hard_candidate,hard_score=0.118965; brightness=0.584096; contrast=0.155856; edge_density=0.126510; sharpness=0.003462
432,short,head_left,file-002.mp4,746,26270,875.666667,task_A_dataset_frame/outputs/frames_raw/short_head_left_file002_episode000746_frame026270_t875667.jpg,task_A_dataset_frame/outputs/frames_selected/600_baseline/short_head_left_file002_episode000746_frame026270_t875667.jpg,stratified_coverage,hard_score=0.113404; brightness=0.570095; contrast=0.161988; edge_density=0.126198; sharpness=0.003752
433,short,head_left,file-002.mp4,749,26750,891.666667,task_A_dataset_frame/outputs/frames_raw/short_head_left_file002_episode000749_frame026750_t891667.jpg,task_A_dataset_frame/outputs/frames_selected/600_baseline/short_head_left_file002_episode000749_frame026750_t891667.jpg,stratified_coverage,hard_score=0.111020; brightness=0.570257; contrast=0.159629; edge_density=0.119948; sharpness=0.003597
434,short,head_left,file-002.mp4,751,27230,907.666667,task_A_dataset_frame/outputs/frames_raw/short_head_left_file002_episode000751_frame027230_t907667.jpg,task_A_dataset_frame/outputs/frames_selected/600_baseline/short_head_left_file002_episode000751_frame027230_t907667.jpg,stratified_coverage,hard_score=0.114057; brightness=0.581929; contrast=0.149997; edge_density=0.118646; sharpness=0.003429
435,short,head_left,file-002.mp4,753,27630,921.000000,task_A_dataset_frame/outputs/frames_raw/short_head_left_file002_episode000753_frame027630_t921000.jpg,task_A_dataset_frame/outputs/frames_selected/600_baseline/short_head_left_file002_episode000753_frame027630_t921000.jpg,stratified_coverage,hard_score=0.111588; brightness=0.584913; contrast=0.146338; edge_density=0.108490; sharpness=0.003146
436,short,head_left,file-002.mp4,756,28110,937.000000,task_A_dataset_frame/outputs/frames_raw/short_head_left_file002_episode000756_frame028110_t937000.jpg,task_A_dataset_frame/outputs/frames_selected/600_baseline/short_head_left_file002_episode000756_frame028110_t937000.jpg,stratified_coverage,hard_score=0.111546; brightness=0.574061; contrast=0.156249; edge_density=0.118177; sharpness=0.003508
437,short,head_left,file-002.mp4,758,28590,953.000000,task_A_dataset_frame/outputs/frames_raw/short_head_left_file002_episode000758_frame028590_t953000.jpg,task_A_dataset_frame/outputs/frames_selected/600_baseline/short_head_left_file002_episode000758_frame028590_t953000.jpg,stratified_coverage,hard_score=0.111604; brightness=0.581615; contrast=0.148249; edge_density=0.112448; sharpness=0.003246
438,short,head_left,file-002.mp4,761,29070,969.000000,task_A_dataset_frame/outputs/frames_raw/short_head_left_file002_episode000761_frame029070_t969000.jpg,task_A_dataset_frame/outputs/frames_selected/600_baseline/short_head_left_file002_episode000761_frame029070_t969000.jpg,stratified_coverage,hard_score=0.113486; brightness=0.571583; contrast=0.159404; edge_density=0.126146; sharpness=0.003795
439,short,head_left,file-002.mp4,763,29480,982.666667,task_A_dataset_frame/outputs/frames_raw/short_head_left_file002_episode000763_frame029480_t982667.jpg,task_A_dataset_frame/outputs/frames_selected/600_baseline/short_head_left_file002_episode000763_frame029480_t982667.jpg,stratified_coverage,hard_score=0.109789; brightness=0.565962; contrast=0.162232; edge_density=0.120833; sharpness=0.003613
440,short,head_left,file-002.mp4,765,29800,993.333333,task_A_dataset_frame/outputs/frames_raw/short_head_left_file002_episode000765_frame029800_t993333.jpg,task_A_dataset_frame/outputs/frames_selected/600_baseline/short_head_left_file002_episode000765_frame029800_t993333.jpg,stratified_coverage+visual_hard_candidate,hard_score=0.119040; brightness=0.575792; contrast=0.162764; edge_density=0.134844; sharpness=0.004057
441,short,head_left,file-002.mp4,766,29960,998.666667,task_A_dataset_frame/outputs/frames_raw/short_head_left_file002_episode000766_frame029960_t998667.jpg,task_A_dataset_frame/outputs/frames_selected/600_baseline/short_head_left_file002_episode000766_frame029960_t998667.jpg,stratified_coverage+visual_hard_candidate,hard_score=0.117868; brightness=0.581671; contrast=0.157690; edge_density=0.125365; sharpness=0.003791
442,short,head_left,file-002.mp4,768,30440,1014.666667,task_A_dataset_frame/outputs/frames_raw/short_head_left_file002_episode000768_frame030440_t1014667.jpg,task_A_dataset_frame/outputs/frames_selected/600_baseline/short_head_left_file002_episode000768_frame030440_t1014667.jpg,stratified_coverage,hard_score=0.116918; brightness=0.582380; contrast=0.154600; edge_density=0.123594; sharpness=0.003494
443,short,head_left,file-002.mp4,771,30920,1030.666667,task_A_dataset_frame/outputs/frames_raw/short_head_left_file002_episode000771_frame030920_t1030667.jpg,task_A_dataset_frame/outputs/frames_selected/600_baseline/short_head_left_file002_episode000771_frame030920_t1030667.jpg,stratified_coverage,hard_score=0.116513; brightness=0.581480; contrast=0.157090; edge_density=0.121667; sharpness=0.003773
444,short,head_left,file-002.mp4,773,31320,1044.000000,task_A_dataset_frame/outputs/frames_raw/short_head_left_file002_episode000773_frame031320_t1044000.jpg,task_A_dataset_frame/outputs/frames_selected/600_baseline/short_head_left_file002_episode000773_frame031320_t1044000.jpg,stratified_coverage,hard_score=0.116680; brightness=0.572219; contrast=0.166284; edge_density=0.130000; sharpness=0.004051
445,short,head_left,file-002.mp4,775,31800,1060.000000,task_A_dataset_frame/outputs/frames_raw/short_head_left_file002_episode000775_frame031800_t1060000.jpg,task_A_dataset_frame/outputs/frames_selected/600_baseline/short_head_left_file002_episode000775_frame031800_t1060000.jpg,stratified_coverage,hard_score=0.110938; brightness=0.574971; contrast=0.153936; edge_density=0.116562; sharpness=0.003555
446,short,head_left,file-002.mp4,778,32280,1076.000000,task_A_dataset_frame/outputs/frames_raw/short_head_left_file002_episode000778_frame032280_t1076000.jpg,task_A_dataset_frame/outputs/frames_selected/600_baseline/short_head_left_file002_episode000778_frame032280_t1076000.jpg,stratified_coverage,hard_score=0.115554; brightness=0.584643; contrast=0.153365; edge_density=0.116302; sharpness=0.003524
447,short,head_left,file-002.mp4,778,32360,1078.666667,task_A_dataset_frame/outputs/frames_raw/short_head_left_file002_episode000778_frame032360_t1078667.jpg,task_A_dataset_frame/outputs/frames_selected/600_baseline/short_head_left_file002_episode000778_frame032360_t1078667.jpg,stratified_coverage+visual_hard_candidate,hard_score=0.119052; brightness=0.585116; contrast=0.152536; edge_density=0.127865; sharpness=0.003402
448,short,head_left,file-002.mp4,780,32680,1089.333333,task_A_dataset_frame/outputs/frames_raw/short_head_left_file002_episode000780_frame032680_t1089333.jpg,task_A_dataset_frame/outputs/frames_selected/600_baseline/short_head_left_file002_episode000780_frame032680_t1089333.jpg,stratified_coverage+visual_hard_candidate,hard_score=0.118502; brightness=0.576519; contrast=0.161909; edge_density=0.132552; sharpness=0.003985
449,short,head_left,file-002.mp4,780,32760,1092.000000,task_A_dataset_frame/outputs/frames_raw/short_head_left_file002_episode000780_frame032760_t1092000.jpg,task_A_dataset_frame/outputs/frames_selected/600_baseline/short_head_left_file002_episode000780_frame032760_t1092000.jpg,stratified_coverage,hard_score=0.114888; brightness=0.573079; contrast=0.160767; edge_density=0.127188; sharpness=0.003722
450,short,head_left,file-002.mp4,782,33160,1105.333333,task_A_dataset_frame/outputs/frames_raw/short_head_left_file002_episode000782_frame033160_t1105333.jpg,task_A_dataset_frame/outputs/frames_selected/600_baseline/short_head_left_file002_episode000782_frame033160_t1105333.jpg,stratified_coverage,hard_score=0.110535; brightness=0.567949; contrast=0.159054; edge_density=0.122656; sharpness=0.003785
451,short,head_left,file-002.mp4,785,33640,1121.333333,task_A_dataset_frame/outputs/frames_raw/short_head_left_file002_episode000785_frame033640_t1121333.jpg,task_A_dataset_frame/outputs/frames_selected/600_baseline/short_head_left_file002_episode000785_frame033640_t1121333.jpg,stratified_coverage,hard_score=0.113119; brightness=0.566993; contrast=0.166614; edge_density=0.126562; sharpness=0.003791
452,short,head_left,file-002.mp4,787,34120,1137.333333,task_A_dataset_frame/outputs/frames_raw/short_head_left_file002_episode000787_frame034120_t1137333.jpg,task_A_dataset_frame/outputs/frames_selected/600_baseline/short_head_left_file002_episode000787_frame034120_t1137333.jpg,stratified_coverage,hard_score=0.113780; brightness=0.563243; contrast=0.164886; edge_density=0.136458; sharpness=0.004007
453,short,head_left,file-002.mp4,790,34600,1153.333333,task_A_dataset_frame/outputs/frames_raw/short_head_left_file002_episode000790_frame034600_t1153333.jpg,task_A_dataset_frame/outputs/frames_selected/600_baseline/short_head_left_file002_episode000790_frame034600_t1153333.jpg,stratified_coverage,hard_score=0.116688; brightness=0.580806; contrast=0.153766; edge_density=0.126146; sharpness=0.003542
454,short,head_left,file-002.mp4,791,34760,1158.666667,task_A_dataset_frame/outputs/frames_raw/short_head_left_file002_episode000791_frame034760_t1158667.jpg,task_A_dataset_frame/outputs/frames_selected/600_baseline/short_head_left_file002_episode000791_frame034760_t1158667.jpg,stratified_coverage+visual_hard_candidate,hard_score=0.117364; brightness=0.581113; contrast=0.159790; edge_density=0.122865; sharpness=0.004053
455,short,head_left,file-002.mp4,792,35000,1166.666667,task_A_dataset_frame/outputs/frames_raw/short_head_left_file002_episode000792_frame035000_t1166667.jpg,task_A_dataset_frame/outputs/frames_selected/600_baseline/short_head_left_file002_episode000792_frame035000_t1166667.jpg,stratified_coverage,hard_score=0.114463; brightness=0.576879; contrast=0.156908; edge_density=0.122656; sharpness=0.003591
456,short,head_left,file-002.mp4,794,35480,1182.666667,task_A_dataset_frame/outputs/frames_raw/short_head_left_file002_episode000794_frame035480_t1182667.jpg,task_A_dataset_frame/outputs/frames_selected/600_baseline/short_head_left_file002_episode000794_frame035480_t1182667.jpg,stratified_coverage,hard_score=0.112074; brightness=0.572973; contrast=0.158286; edge_density=0.120052; sharpness=0.003670
457,short,head_left,file-002.mp4,796,35720,1190.666667,task_A_dataset_frame/outputs/frames_raw/short_head_left_file002_episode000796_frame035720_t1190667.jpg,task_A_dataset_frame/outputs/frames_selected/600_baseline/short_head_left_file002_episode000796_frame035720_t1190667.jpg,stratified_coverage+visual_hard_candidate,hard_score=0.117815; brightness=0.581325; contrast=0.158735; edge_density=0.124896; sharpness=0.003859
458,short,head_left,file-002.mp4,797,35960,1198.666667,task_A_dataset_frame/outputs/frames_raw/short_head_left_file002_episode000797_frame035960_t1198667.jpg,task_A_dataset_frame/outputs/frames_selected/600_baseline/short_head_left_file002_episode000797_frame035960_t1198667.jpg,stratified_coverage,hard_score=0.114449; brightness=0.580946; contrast=0.154029; edge_density=0.118229; sharpness=0.003573
459,short,head_left,file-002.mp4,799,36440,1214.666667,task_A_dataset_frame/outputs/frames_raw/short_head_left_file002_episode000799_frame036440_t1214667.jpg,task_A_dataset_frame/outputs/frames_selected/600_baseline/short_head_left_file002_episode000799_frame036440_t1214667.jpg,stratified_coverage,hard_score=0.112914; brightness=0.572740; contrast=0.158551; edge_density=0.123021; sharpness=0.003760
460,short,head_left,file-002.mp4,801,36680,1222.666667,task_A_dataset_frame/outputs/frames_raw/short_head_left_file002_episode000801_frame036680_t1222667.jpg,task_A_dataset_frame/outputs/frames_selected/600_baseline/short_head_left_file002_episode000801_frame036680_t1222667.jpg,stratified_coverage+visual_hard_candidate,hard_score=0.117732; brightness=0.582630; contrast=0.158544; edge_density=0.122604; sharpness=0.003803
461,short,head_left,file-002.mp4,801,36840,1228.000000,task_A_dataset_frame/outputs/frames_raw/short_head_left_file002_episode000801_frame036840_t1228000.jpg,task_A_dataset_frame/outputs/frames_selected/600_baseline/short_head_left_file002_episode000801_frame036840_t1228000.jpg,stratified_coverage,hard_score=0.112882; brightness=0.581869; contrast=0.148226; edge_density=0.116302; sharpness=0.003297
462,short,head_left,file-002.mp4,804,37320,1244.000000,task_A_dataset_frame/outputs/frames_raw/short_head_left_file002_episode000804_frame037320_t1244000.jpg,task_A_dataset_frame/outputs/frames_selected/600_baseline/short_head_left_file002_episode000804_frame037320_t1244000.jpg,stratified_coverage,hard_score=0.115036; brightness=0.570746; contrast=0.160839; edge_density=0.131510; sharpness=0.003894
463,short,head_left,file-002.mp4,806,37810,1260.333333,task_A_dataset_frame/outputs/frames_raw/short_head_left_file002_episode000806_frame037810_t1260333.jpg,task_A_dataset_frame/outputs/frames_selected/600_baseline/short_head_left_file002_episode000806_frame037810_t1260333.jpg,stratified_coverage,hard_score=0.110417; brightness=0.581535; contrast=0.146909; edge_density=0.109740; sharpness=0.003093
464,short,head_left,file-002.mp4,809,38210,1273.666667,task_A_dataset_frame/outputs/frames_raw/short_head_left_file002_episode000809_frame038210_t1273667.jpg,task_A_dataset_frame/outputs/frames_selected/600_baseline/short_head_left_file002_episode000809_frame038210_t1273667.jpg,stratified_coverage+visual_hard_candidate,hard_score=0.123773; brightness=0.582076; contrast=0.160001; edge_density=0.142448; sharpness=0.004020
465,short,head_left,file-002.mp4,809,38290,1276.333333,task_A_dataset_frame/outputs/frames_raw/short_head_left_file002_episode000809_frame038290_t1276333.jpg,task_A_dataset_frame/outputs/frames_selected/600_baseline/short_head_left_file002_episode000809_frame038290_t1276333.jpg,stratified_coverage,hard_score=0.116797; brightness=0.572274; contrast=0.161077; edge_density=0.134635; sharpness=0.003857
466,short,head_left,file-002.mp4,811,38690,1289.666667,task_A_dataset_frame/outputs/frames_raw/short_head_left_file002_episode000811_frame038690_t1289667.jpg,task_A_dataset_frame/outputs/frames_selected/600_baseline/short_head_left_file002_episode000811_frame038690_t1289667.jpg,stratified_coverage,hard_score=0.109852; brightness=0.569305; contrast=0.160174; edge_density=0.117188; sharpness=0.003461
467,short,head_left,file-002.mp4,814,39170,1305.666667,task_A_dataset_frame/outputs/frames_raw/short_head_left_file002_episode000814_frame039170_t1305667.jpg,task_A_dataset_frame/outputs/frames_selected/600_baseline/short_head_left_file002_episode000814_frame039170_t1305667.jpg,stratified_coverage+visual_hard_candidate,hard_score=0.122414; brightness=0.582060; contrast=0.159786; edge_density=0.138125; sharpness=0.004032
468,short,head_left,file-002.mp4,815,39410,1313.666667,task_A_dataset_frame/outputs/frames_raw/short_head_left_file002_episode000815_frame039410_t1313667.jpg,task_A_dataset_frame/outputs/frames_selected/600_baseline/short_head_left_file002_episode000815_frame039410_t1313667.jpg,stratified_coverage+visual_hard_candidate,hard_score=0.117738; brightness=0.570069; contrast=0.163814; edge_density=0.139167; sharpness=0.004056
469,short,head_left,file-002.mp4,816,39650,1321.666667,task_A_dataset_frame/outputs/frames_raw/short_head_left_file002_episode000816_frame039650_t1321667.jpg,task_A_dataset_frame/outputs/frames_selected/600_baseline/short_head_left_file002_episode000816_frame039650_t1321667.jpg,stratified_coverage,hard_score=0.112667; brightness=0.568509; contrast=0.161899; edge_density=0.126458; sharpness=0.003690
470,short,head_left,file-002.mp4,819,40130,1337.666667,task_A_dataset_frame/outputs/frames_raw/short_head_left_file002_episode000819_frame040130_t1337667.jpg,task_A_dataset_frame/outputs/frames_selected/600_baseline/short_head_left_file002_episode000819_frame040130_t1337667.jpg,stratified_coverage,hard_score=0.117256; brightness=0.584430; contrast=0.156416; edge_density=0.119792; sharpness=0.003604
471,short,head_left,file-002.mp4,821,40610,1353.666667,task_A_dataset_frame/outputs/frames_raw/short_head_left_file002_episode000821_frame040610_t1353667.jpg,task_A_dataset_frame/outputs/frames_selected/600_baseline/short_head_left_file002_episode000821_frame040610_t1353667.jpg,stratified_coverage,hard_score=0.108739; brightness=0.568997; contrast=0.160273; edge_density=0.113906; sharpness=0.003643
472,short,head_left,file-002.mp4,823,41010,1367.000000,task_A_dataset_frame/outputs/frames_raw/short_head_left_file002_episode000823_frame041010_t1367000.jpg,task_A_dataset_frame/outputs/frames_selected/600_baseline/short_head_left_file002_episode000823_frame041010_t1367000.jpg,stratified_coverage,hard_score=0.108050; brightness=0.562032; contrast=0.164074; edge_density=0.120052; sharpness=0.003570
473,short,head_left,file-002.mp4,824,41090,1369.666667,task_A_dataset_frame/outputs/frames_raw/short_head_left_file002_episode000824_frame041090_t1369667.jpg,task_A_dataset_frame/outputs/frames_selected/600_baseline/short_head_left_file002_episode000824_frame041090_t1369667.jpg,stratified_coverage+visual_hard_candidate,hard_score=0.117375; brightness=0.583582; contrast=0.160022; edge_density=0.118594; sharpness=0.003641
474,short,head_left,file-002.mp4,826,41490,1383.000000,task_A_dataset_frame/outputs/frames_raw/short_head_left_file002_episode000826_frame041490_t1383000.jpg,task_A_dataset_frame/outputs/frames_selected/600_baseline/short_head_left_file002_episode000826_frame041490_t1383000.jpg,stratified_coverage,hard_score=0.114006; brightness=0.572328; contrast=0.164869; edge_density=0.122083; sharpness=0.003997
475,short,head_left,file-002.mp4,828,41970,1399.000000,task_A_dataset_frame/outputs/frames_raw/short_head_left_file002_episode000828_frame041970_t1399000.jpg,task_A_dataset_frame/outputs/frames_selected/600_baseline/short_head_left_file002_episode000828_frame041970_t1399000.jpg,stratified_coverage,hard_score=0.113142; brightness=0.568047; contrast=0.160786; edge_density=0.129740; sharpness=0.003833
476,short,head_left,file-002.mp4,829,42050,1401.666667,task_A_dataset_frame/outputs/frames_raw/short_head_left_file002_episode000829_frame042050_t1401667.jpg,task_A_dataset_frame/outputs/frames_selected/600_baseline/short_head_left_file002_episode000829_frame042050_t1401667.jpg,stratified_coverage+visual_hard_candidate,hard_score=0.119538; brightness=0.582252; contrast=0.161334; edge_density=0.126927; sharpness=0.003717
477,short,head_left,file-002.mp4,830,42290,1409.666667,task_A_dataset_frame/outputs/frames_raw/short_head_left_file002_episode000830_frame042290_t1409667.jpg,task_A_dataset_frame/outputs/frames_selected/600_baseline/short_head_left_file002_episode000830_frame042290_t1409667.jpg,stratified_coverage+visual_hard_candidate,hard_score=0.118600; brightness=0.578114; contrast=0.160235; edge_density=0.131615; sharpness=0.003958
478,short,head_left,file-002.mp4,831,42450,1415.000000,task_A_dataset_frame/outputs/frames_raw/short_head_left_file002_episode000831_frame042450_t1415000.jpg,task_A_dataset_frame/outputs/frames_selected/600_baseline/short_head_left_file002_episode000831_frame042450_t1415000.jpg,stratified_coverage,hard_score=0.116703; brightness=0.581033; contrast=0.157244; edge_density=0.122917; sharpness=0.003753
479,short,head_left,file-002.mp4,833,42850,1428.333333,task_A_dataset_frame/outputs/frames_raw/short_head_left_file002_episode000833_frame042850_t1428333.jpg,task_A_dataset_frame/outputs/frames_selected/600_baseline/short_head_left_file002_episode000833_frame042850_t1428333.jpg,stratified_coverage,hard_score=0.113766; brightness=0.572814; contrast=0.159123; edge_density=0.125260; sharpness=0.003855
480,short,head_left,file-002.mp4,834,43010,1433.666667,task_A_dataset_frame/outputs/frames_raw/short_head_left_file002_episode000834_frame043010_t1433667.jpg,task_A_dataset_frame/outputs/frames_selected/600_baseline/short_head_left_file002_episode000834_frame043010_t1433667.jpg,stratified_coverage+visual_hard_candidate,hard_score=0.118621; brightness=0.582379; contrast=0.161225; edge_density=0.123750; sharpness=0.003713
481,short,head_left,file-002.mp4,834,43090,1436.333333,task_A_dataset_frame/outputs/frames_raw/short_head_left_file002_episode000834_frame043090_t1436333.jpg,task_A_dataset_frame/outputs/frames_selected/600_baseline/short_head_left_file002_episode000834_frame043090_t1436333.jpg,stratified_coverage,hard_score=0.116613; brightness=0.588399; contrast=0.147968; edge_density=0.118073; sharpness=0.003223
482,short,head_left,file-002.mp4,835,43330,1444.333333,task_A_dataset_frame/outputs/frames_raw/short_head_left_file002_episode000835_frame043330_t1444333.jpg,task_A_dataset_frame/outputs/frames_selected/600_baseline/short_head_left_file002_episode000835_frame043330_t1444333.jpg,stratified_coverage,hard_score=0.111304; brightness=0.566342; contrast=0.161470; edge_density=0.125885; sharpness=0.003761
483,short,head_left,file-002.mp4,838,43810,1460.333333,task_A_dataset_frame/outputs/frames_raw/short_head_left_file002_episode000838_frame043810_t1460333.jpg,task_A_dataset_frame/outputs/frames_selected/600_baseline/short_head_left_file002_episode000838_frame043810_t1460333.jpg,stratified_coverage,hard_score=0.114527; brightness=0.581274; contrast=0.151747; edge_density=0.119844; sharpness=0.003557
484,short,head_left,file-002.mp4,839,43970,1465.666667,task_A_dataset_frame/outputs/frames_raw/short_head_left_file002_episode000839_frame043970_t1465667.jpg,task_A_dataset_frame/outputs/frames_selected/600_baseline/short_head_left_file002_episode000839_frame043970_t1465667.jpg,stratified_coverage+visual_hard_candidate,hard_score=0.119321; brightness=0.582877; contrast=0.160092; edge_density=0.126198; sharpness=0.003701
485,short,head_left,file-002.mp4,840,44290,1476.333333,task_A_dataset_frame/outputs/frames_raw/short_head_left_file002_episode000840_frame044290_t1476333.jpg,task_A_dataset_frame/outputs/frames_selected/600_baseline/short_head_left_file002_episode000840_frame044290_t1476333.jpg,stratified_coverage,hard_score=0.111109; brightness=0.570511; contrast=0.156537; edge_density=0.122396; sharpness=0.003795
486,short,head_left,file-002.mp4,841,44370,1479.000000,task_A_dataset_frame/outputs/frames_raw/short_head_left_file002_episode000841_frame044370_t1479000.jpg,task_A_dataset_frame/outputs/frames_selected/600_baseline/short_head_left_file002_episode000841_frame044370_t1479000.jpg,stratified_coverage,hard_score=0.116653; brightness=0.581730; contrast=0.157029; edge_density=0.121771; sharpness=0.003774
487,short,head_left,file-002.mp4,842,44690,1489.666667,task_A_dataset_frame/outputs/frames_raw/short_head_left_file002_episode000842_frame044690_t1489667.jpg,task_A_dataset_frame/outputs/frames_selected/600_baseline/short_head_left_file002_episode000842_frame044690_t1489667.jpg,stratified_coverage,hard_score=0.112846; brightness=0.581798; contrast=0.150413; edge_density=0.114479; sharpness=0.003364
488,short,head_left,file-002.mp4,843,44770,1492.333333,task_A_dataset_frame/outputs/frames_raw/short_head_left_file002_episode000843_frame044770_t1492333.jpg,task_A_dataset_frame/outputs/frames_selected/600_baseline/short_head_left_file002_episode000843_frame044770_t1492333.jpg,stratified_coverage,hard_score=0.116826; brightness=0.574246; contrast=0.162623; edge_density=0.130156; sharpness=0.003924
489,short,head_left,file-002.mp4,844,44930,1497.666667,task_A_dataset_frame/outputs/frames_raw/short_head_left_file002_episode000844_frame044930_t1497667.jpg,task_A_dataset_frame/outputs/frames_selected/600_baseline/short_head_left_file002_episode000844_frame044930_t1497667.jpg,stratified_coverage+visual_hard_candidate,hard_score=0.119483; brightness=0.582083; contrast=0.160015; edge_density=0.128125; sharpness=0.003722
490,short,head_left,file-002.mp4,845,45170,1505.666667,task_A_dataset_frame/outputs/frames_raw/short_head_left_file002_episode000845_frame045170_t1505667.jpg,task_A_dataset_frame/outputs/frames_selected/600_baseline/short_head_left_file002_episode000845_frame045170_t1505667.jpg,stratified_coverage,hard_score=0.114848; brightness=0.582013; contrast=0.153242; edge_density=0.118438; sharpness=0.003614
491,short,head_left,file-002.mp4,847,45650,1521.666667,task_A_dataset_frame/outputs/frames_raw/short_head_left_file002_episode000847_frame045650_t1521667.jpg,task_A_dataset_frame/outputs/frames_selected/600_baseline/short_head_left_file002_episode000847_frame045650_t1521667.jpg,stratified_coverage,hard_score=0.113291; brightness=0.582595; contrast=0.150849; edge_density=0.114271; sharpness=0.003533
492,short,head_left,file-002.mp4,849,45890,1529.666667,task_A_dataset_frame/outputs/frames_raw/short_head_left_file002_episode000849_frame045890_t1529667.jpg,task_A_dataset_frame/outputs/frames_selected/600_baseline/short_head_left_file002_episode000849_frame045890_t1529667.jpg,stratified_coverage+visual_hard_candidate,hard_score=0.118191; brightness=0.584325; contrast=0.160051; edge_density=0.120052; sharpness=0.003725
493,short,head_left,file-002.mp4,850,46140,1538.000000,task_A_dataset_frame/outputs/frames_raw/short_head_left_file002_episode000850_frame046140_t1538000.jpg,task_A_dataset_frame/outputs/frames_selected/600_baseline/short_head_left_file002_episode000850_frame046140_t1538000.jpg,stratified_coverage+visual_hard_candidate,hard_score=0.117929; brightness=0.579011; contrast=0.158506; edge_density=0.129323; sharpness=0.003798
494,short,head_left,file-002.mp4,852,46540,1551.333333,task_A_dataset_frame/outputs/frames_raw/short_head_left_file002_episode000852_frame046540_t1551333.jpg,task_A_dataset_frame/outputs/frames_selected/600_baseline/short_head_left_file002_episode000852_frame046540_t1551333.jpg,stratified_coverage,hard_score=0.113470; brightness=0.578135; contrast=0.153424; edge_density=0.120156; sharpness=0.003567
495,short,head_left,file-002.mp4,854,46860,1562.000000,task_A_dataset_frame/outputs/frames_raw/short_head_left_file002_episode000854_frame046860_t1562000.jpg,task_A_dataset_frame/outputs/frames_selected/600_baseline/short_head_left_file002_episode000854_frame046860_t1562000.jpg,stratified_coverage,hard_score=0.116690; brightness=0.578595; contrast=0.161260; edge_density=0.123594; sharpness=0.004031
496,short,head_left,file-002.mp4,854,47020,1567.333333,task_A_dataset_frame/outputs/frames_raw/short_head_left_file002_episode000854_frame047020_t1567333.jpg,task_A_dataset_frame/outputs/frames_selected/600_baseline/short_head_left_file002_episode000854_frame047020_t1567333.jpg,stratified_coverage,hard_score=0.110941; brightness=0.582374; contrast=0.148017; edge_density=0.109167; sharpness=0.003300
497,short,head_left,file-002.mp4,856,47260,1575.333333,task_A_dataset_frame/outputs/frames_raw/short_head_left_file002_episode000856_frame047260_t1575333.jpg,task_A_dataset_frame/outputs/frames_selected/600_baseline/short_head_left_file002_episode000856_frame047260_t1575333.jpg,stratified_coverage+visual_hard_candidate,hard_score=0.117537; brightness=0.571327; contrast=0.165431; edge_density=0.135052; sharpness=0.004134
498,short,head_left,file-002.mp4,857,47500,1583.333333,task_A_dataset_frame/outputs/frames_raw/short_head_left_file002_episode000857_frame047500_t1583333.jpg,task_A_dataset_frame/outputs/frames_selected/600_baseline/short_head_left_file002_episode000857_frame047500_t1583333.jpg,stratified_coverage,hard_score=0.115409; brightness=0.572733; contrast=0.159293; edge_density=0.130729; sharpness=0.003819
499,short,head_left,file-002.mp4,859,47820,1594.000000,task_A_dataset_frame/outputs/frames_raw/short_head_left_file002_episode000859_frame047820_t1594000.jpg,task_A_dataset_frame/outputs/frames_selected/600_baseline/short_head_left_file002_episode000859_frame047820_t1594000.jpg,stratified_coverage+visual_hard_candidate,hard_score=0.117584; brightness=0.583478; contrast=0.154378; edge_density=0.124167; sharpness=0.003881
500,short,head_left,file-002.mp4,859,47900,1596.666667,task_A_dataset_frame/outputs/frames_raw/short_head_left_file002_episode000859_frame047900_t1596667.jpg,task_A_dataset_frame/outputs/frames_selected/600_baseline/short_head_left_file002_episode000859_frame047900_t1596667.jpg,stratified_coverage+visual_hard_candidate,hard_score=0.118503; brightness=0.584234; contrast=0.153858; edge_density=0.126406; sharpness=0.003651
501,short,head_left,file-002.mp4,859,47980,1599.333333,task_A_dataset_frame/outputs/frames_raw/short_head_left_file002_episode000859_frame047980_t1599333.jpg,task_A_dataset_frame/outputs/frames_selected/600_baseline/short_head_left_file002_episode000859_frame047980_t1599333.jpg,stratified_coverage,hard_score=0.114274; brightness=0.587266; contrast=0.147875; edge_density=0.112240; sharpness=0.003282
502,short,head_left,file-002.mp4,861,48380,1612.666667,task_A_dataset_frame/outputs/frames_raw/short_head_left_file002_episode000861_frame048380_t1612667.jpg,task_A_dataset_frame/outputs/frames_selected/600_baseline/short_head_left_file002_episode000861_frame048380_t1612667.jpg,stratified_coverage,hard_score=0.111884; brightness=0.586968; contrast=0.145477; edge_density=0.106771; sharpness=0.003094
503,short,head_left,file-002.mp4,864,48860,1628.666667,task_A_dataset_frame/outputs/frames_raw/short_head_left_file002_episode000864_frame048860_t1628667.jpg,task_A_dataset_frame/outputs/frames_selected/600_baseline/short_head_left_file002_episode000864_frame048860_t1628667.jpg,stratified_coverage,hard_score=0.112017; brightness=0.571131; contrast=0.158682; edge_density=0.122604; sharpness=0.003618
504,short,head_left,file-002.mp4,866,49340,1644.666667,task_A_dataset_frame/outputs/frames_raw/short_head_left_file002_episode000866_frame049340_t1644667.jpg,task_A_dataset_frame/outputs/frames_selected/600_baseline/short_head_left_file002_episode000866_frame049340_t1644667.jpg,stratified_coverage,hard_score=0.111732; brightness=0.585970; contrast=0.144927; edge_density=0.108385; sharpness=0.003092
505,short,head_left,file-002.mp4,868,49580,1652.666667,task_A_dataset_frame/outputs/frames_raw/short_head_left_file002_episode000868_frame049580_t1652667.jpg,task_A_dataset_frame/outputs/frames_selected/600_baseline/short_head_left_file002_episode000868_frame049580_t1652667.jpg,stratified_coverage+visual_hard_candidate,hard_score=0.120862; brightness=0.574469; contrast=0.163634; edge_density=0.142396; sharpness=0.003954
506,short,head_left,file-002.mp4,868,49660,1655.333333,task_A_dataset_frame/outputs/frames_raw/short_head_left_file002_episode000868_frame049660_t1655333.jpg,task_A_dataset_frame/outputs/frames_selected/600_baseline/short_head_left_file002_episode000868_frame049660_t1655333.jpg,stratified_coverage+visual_hard_candidate,hard_score=0.117857; brightness=0.570135; contrast=0.164095; edge_density=0.139219; sharpness=0.003745
507,short,head_left,file-002.mp4,869,49820,1660.666667,task_A_dataset_frame/outputs/frames_raw/short_head_left_file002_episode000869_frame049820_t1660667.jpg,task_A_dataset_frame/outputs/frames_selected/600_baseline/short_head_left_file002_episode000869_frame049820_t1660667.jpg,stratified_coverage,hard_score=0.108021; brightness=0.560855; contrast=0.164498; edge_density=0.121563; sharpness=0.003605
508,short,head_left,file-002.mp4,871,50220,1674.000000,task_A_dataset_frame/outputs/frames_raw/short_head_left_file002_episode000871_frame050220_t1674000.jpg,task_A_dataset_frame/outputs/frames_selected/600_baseline/short_head_left_file002_episode000871_frame050220_t1674000.jpg,stratified_coverage,hard_score=0.112045; brightness=0.578939; contrast=0.153614; edge_density=0.113906; sharpness=0.003315
509,short,head_left,file-002.mp4,874,50700,1690.000000,task_A_dataset_frame/outputs/frames_raw/short_head_left_file002_episode000874_frame050700_t1690000.jpg,task_A_dataset_frame/outputs/frames_selected/600_baseline/short_head_left_file002_episode000874_frame050700_t1690000.jpg,stratified_coverage,hard_score=0.116547; brightness=0.583510; contrast=0.153733; edge_density=0.121198; sharpness=0.003684
510,short,head_left,file-002.mp4,876,51180,1706.000000,task_A_dataset_frame/outputs/frames_raw/short_head_left_file002_episode000876_frame051180_t1706000.jpg,task_A_dataset_frame/outputs/frames_selected/600_baseline/short_head_left_file002_episode000876_frame051180_t1706000.jpg,stratified_coverage,hard_score=0.112300; brightness=0.574308; contrast=0.155083; edge_density=0.121250; sharpness=0.003417
511,short,head_left,file-002.mp4,879,51660,1722.000000,task_A_dataset_frame/outputs/frames_raw/short_head_left_file002_episode000879_frame051660_t1722000.jpg,task_A_dataset_frame/outputs/frames_selected/600_baseline/short_head_left_file002_episode000879_frame051660_t1722000.jpg,stratified_coverage,hard_score=0.116627; brightness=0.584874; contrast=0.151821; edge_density=0.120781; sharpness=0.003692
512,short,head_left,file-002.mp4,879,51740,1724.666667,task_A_dataset_frame/outputs/frames_raw/short_head_left_file002_episode000879_frame051740_t1724667.jpg,task_A_dataset_frame/outputs/frames_selected/600_baseline/short_head_left_file002_episode000879_frame051740_t1724667.jpg,stratified_coverage+visual_hard_candidate,hard_score=0.118273; brightness=0.587714; contrast=0.149912; edge_density=0.123125; sharpness=0.003412
513,short,head_left,file-002.mp4,881,52060,1735.333333,task_A_dataset_frame/outputs/frames_raw/short_head_left_file002_episode000881_frame052060_t1735333.jpg,task_A_dataset_frame/outputs/frames_selected/600_baseline/short_head_left_file002_episode000881_frame052060_t1735333.jpg,stratified_coverage,hard_score=0.115374; brightness=0.579536; contrast=0.155861; edge_density=0.122135; sharpness=0.003631
514,short,head_left,file-002.mp4,883,52540,1751.333333,task_A_dataset_frame/outputs/frames_raw/short_head_left_file002_episode000883_frame052540_t1751333.jpg,task_A_dataset_frame/outputs/frames_selected/600_baseline/short_head_left_file002_episode000883_frame052540_t1751333.jpg,stratified_coverage,hard_score=0.111819; brightness=0.573359; contrast=0.155121; edge_density=0.121198; sharpness=0.003621
515,short,head_left,file-002.mp4,884,52700,1756.666667,task_A_dataset_frame/outputs/frames_raw/short_head_left_file002_episode000884_frame052700_t1756667.jpg,task_A_dataset_frame/outputs/frames_selected/600_baseline/short_head_left_file002_episode000884_frame052700_t1756667.jpg,stratified_coverage,hard_score=0.116823; brightness=0.574272; contrast=0.158373; edge_density=0.133646; sharpness=0.003612
516,short,head_left,file-002.mp4,886,53020,1767.333333,task_A_dataset_frame/outputs/frames_raw/short_head_left_file002_episode000886_frame053020_t1767333.jpg,task_A_dataset_frame/outputs/frames_selected/600_baseline/short_head_left_file002_episode000886_frame053020_t1767333.jpg,stratified_coverage,hard_score=0.116004; brightness=0.578752; contrast=0.159388; edge_density=0.122604; sharpness=0.003763
517,short,head_left,file-002.mp4,888,53500,1783.333333,task_A_dataset_frame/outputs/frames_raw/short_head_left_file002_episode000888_frame053500_t1783333.jpg,task_A_dataset_frame/outputs/frames_selected/600_baseline/short_head_left_file002_episode000888_frame053500_t1783333.jpg,stratified_coverage,hard_score=0.112795; brightness=0.566508; contrast=0.162849; edge_density=0.129427; sharpness=0.003860
518,short,head_left,file-002.mp4,889,53580,1786.000000,task_A_dataset_frame/outputs/frames_raw/short_head_left_file002_episode000889_frame053580_t1786000.jpg,task_A_dataset_frame/outputs/frames_selected/600_baseline/short_head_left_file002_episode000889_frame053580_t1786000.jpg,stratified_coverage,hard_score=0.116738; brightness=0.580800; contrast=0.158913; edge_density=0.122031; sharpness=0.003850
519,short,head_left,file-002.mp4,890,53900,1796.666667,task_A_dataset_frame/outputs/frames_raw/short_head_left_file002_episode000890_frame053900_t1796667.jpg,task_A_dataset_frame/outputs/frames_selected/600_baseline/short_head_left_file002_episode000890_frame053900_t1796667.jpg,stratified_coverage,hard_score=0.113043; brightness=0.583173; contrast=0.149263; edge_density=0.113802; sharpness=0.003348
520,short,head_left,file-002.mp4,893,54390,1813.000000,task_A_dataset_frame/outputs/frames_raw/short_head_left_file002_episode000893_frame054390_t1813000.jpg,task_A_dataset_frame/outputs/frames_selected/600_baseline/short_head_left_file002_episode000893_frame054390_t1813000.jpg,stratified_coverage+visual_hard_candidate,hard_score=0.119641; brightness=0.583591; contrast=0.155133; edge_density=0.130208; sharpness=0.003774
521,short,head_left,file-002.mp4,895,54870,1829.000000,task_A_dataset_frame/outputs/frames_raw/short_head_left_file002_episode000895_frame054870_t1829000.jpg,task_A_dataset_frame/outputs/frames_selected/600_baseline/short_head_left_file002_episode000895_frame054870_t1829000.jpg,stratified_coverage,hard_score=0.114268; brightness=0.577973; contrast=0.155691; edge_density=0.121198; sharpness=0.003646
522,short,head_left,file-002.mp4,897,55110,1837.000000,task_A_dataset_frame/outputs/frames_raw/short_head_left_file002_episode000897_frame055110_t1837000.jpg,task_A_dataset_frame/outputs/frames_selected/600_baseline/short_head_left_file002_episode000897_frame055110_t1837000.jpg,stratified_coverage+visual_hard_candidate,hard_score=0.117652; brightness=0.582468; contrast=0.158608; edge_density=0.122552; sharpness=0.003870
523,short,head_left,file-002.mp4,898,55350,1845.000000,task_A_dataset_frame/outputs/frames_raw/short_head_left_file002_episode000898_frame055350_t1845000.jpg,task_A_dataset_frame/outputs/frames_selected/600_baseline/short_head_left_file002_episode000898_frame055350_t1845000.jpg,stratified_coverage,hard_score=0.113294; brightness=0.574991; contrast=0.157506; edge_density=0.121406; sharpness=0.003540
524,short,head_left,file-002.mp4,900,55750,1858.333333,task_A_dataset_frame/outputs/frames_raw/short_head_left_file002_episode000900_frame055750_t1858333.jpg,task_A_dataset_frame/outputs/frames_selected/600_baseline/short_head_left_file002_episode000900_frame055750_t1858333.jpg,stratified_coverage,hard_score=0.111116; brightness=0.573997; contrast=0.155470; edge_density=0.117500; sharpness=0.003469
525,short,head_left,file-002.mp4,902,56070,1869.000000,task_A_dataset_frame/outputs/frames_raw/short_head_left_file002_episode000902_frame056070_t1869000.jpg,task_A_dataset_frame/outputs/frames_selected/600_baseline/short_head_left_file002_episode000902_frame056070_t1869000.jpg,stratified_coverage+visual_hard_candidate,hard_score=0.117767; brightness=0.582731; contrast=0.158231; edge_density=0.122813; sharpness=0.003796
526,short,head_left,file-002.mp4,902,56230,1874.333333,task_A_dataset_frame/outputs/frames_raw/short_head_left_file002_episode000902_frame056230_t1874333.jpg,task_A_dataset_frame/outputs/frames_selected/600_baseline/short_head_left_file002_episode000902_frame056230_t1874333.jpg,stratified_coverage,hard_score=0.112068; brightness=0.581734; contrast=0.149241; edge_density=0.112969; sharpness=0.003407
527,short,head_left,file-002.mp4,905,56710,1890.333333,task_A_dataset_frame/outputs/frames_raw/short_head_left_file002_episode000905_frame056710_t1890333.jpg,task_A_dataset_frame/outputs/frames_selected/600_baseline/short_head_left_file002_episode000905_frame056710_t1890333.jpg,stratified_coverage,hard_score=0.113902; brightness=0.580254; contrast=0.153287; edge_density=0.118177; sharpness=0.003484
528,short,head_left,file-002.mp4,907,57030,1901.000000,task_A_dataset_frame/outputs/frames_raw/short_head_left_file002_episode000907_frame057030_t1901000.jpg,task_A_dataset_frame/outputs/frames_selected/600_baseline/short_head_left_file002_episode000907_frame057030_t1901000.jpg,stratified_coverage,hard_score=0.117067; brightness=0.583025; contrast=0.157217; edge_density=0.120833; sharpness=0.003637
529,short,head_left,file-002.mp4,907,57190,1906.333333,task_A_dataset_frame/outputs/frames_raw/short_head_left_file002_episode000907_frame057190_t1906333.jpg,task_A_dataset_frame/outputs/frames_selected/600_baseline/short_head_left_file002_episode000907_frame057190_t1906333.jpg,stratified_coverage,hard_score=0.111548; brightness=0.581429; contrast=0.148461; edge_density=0.112396; sharpness=0.003270
530,short,head_left,file-002.mp4,909,57590,1919.666667,task_A_dataset_frame/outputs/frames_raw/short_head_left_file002_episode000909_frame057590_t1919667.jpg,task_A_dataset_frame/outputs/frames_selected/600_baseline/short_head_left_file002_episode000909_frame057590_t1919667.jpg,stratified_coverage,hard_score=0.111455; brightness=0.587016; contrast=0.145225; edge_density=0.105469; sharpness=0.003039
531,short,head_left,file-002.mp4,911,57910,1930.333333,task_A_dataset_frame/outputs/frames_raw/short_head_left_file002_episode000911_frame057910_t1930333.jpg,task_A_dataset_frame/outputs/frames_selected/600_baseline/short_head_left_file002_episode000911_frame057910_t1930333.jpg,stratified_coverage,hard_score=0.116698; brightness=0.585050; contrast=0.150131; edge_density=0.122135; sharpness=0.003465
532,short,head_left,file-002.mp4,912,57990,1933.000000,task_A_dataset_frame/outputs/frames_raw/short_head_left_file002_episode000912_frame057990_t1933000.jpg,task_A_dataset_frame/outputs/frames_selected/600_baseline/short_head_left_file002_episode000912_frame057990_t1933000.jpg,stratified_coverage+visual_hard_candidate,hard_score=0.117313; brightness=0.583746; contrast=0.156635; edge_density=0.120938; sharpness=0.003699
533,short,head_left,file-002.mp4,912,58070,1935.666667,task_A_dataset_frame/outputs/frames_raw/short_head_left_file002_episode000912_frame058070_t1935667.jpg,task_A_dataset_frame/outputs/frames_selected/600_baseline/short_head_left_file002_episode000912_frame058070_t1935667.jpg,stratified_coverage,hard_score=0.112646; brightness=0.577205; contrast=0.153236; edge_density=0.119115; sharpness=0.003498
534,short,head_left,file-002.mp4,914,58550,1951.666667,task_A_dataset_frame/outputs/frames_raw/short_head_left_file002_episode000914_frame058550_t1951667.jpg,task_A_dataset_frame/outputs/frames_selected/600_baseline/short_head_left_file002_episode000914_frame058550_t1951667.jpg,stratified_coverage,hard_score=0.112322; brightness=0.586363; contrast=0.146563; edge_density=0.108333; sharpness=0.003209
535,short,head_left,file-003.mp4,917,480,16.000000,task_A_dataset_frame/outputs/frames_raw/short_head_left_file003_episode000917_frame000480_t016000.jpg,task_A_dataset_frame/outputs/frames_selected/600_baseline/short_head_left_file003_episode000917_frame000480_t016000.jpg,stratified_coverage,hard_score=0.111914; brightness=0.575231; contrast=0.154380; edge_density=0.119010; sharpness=0.003420
536,short,head_left,file-003.mp4,922,1370,45.666667,task_A_dataset_frame/outputs/frames_raw/short_head_left_file003_episode000922_frame001370_t045667.jpg,task_A_dataset_frame/outputs/frames_selected/600_baseline/short_head_left_file003_episode000922_frame001370_t045667.jpg,stratified_coverage,hard_score=0.113555; brightness=0.568866; contrast=0.165986; edge_density=0.125417; sharpness=0.003755
537,short,head_left,file-003.mp4,924,1770,59.000000,task_A_dataset_frame/outputs/frames_raw/short_head_left_file003_episode000924_frame001770_t059000.jpg,task_A_dataset_frame/outputs/frames_selected/600_baseline/short_head_left_file003_episode000924_frame001770_t059000.jpg,stratified_coverage,hard_score=0.116772; brightness=0.584418; contrast=0.152314; edge_density=0.121615; sharpness=0.003588
538,short,head_left,file-003.mp4,924,1850,61.666667,task_A_dataset_frame/outputs/frames_raw/short_head_left_file003_episode000924_frame001850_t061667.jpg,task_A_dataset_frame/outputs/frames_selected/600_baseline/short_head_left_file003_episode000924_frame001850_t061667.jpg,stratified_coverage,hard_score=0.116019; brightness=0.582380; contrast=0.154066; edge_density=0.121042; sharpness=0.003508
539,short,head_left,file-003.mp4,927,2330,77.666667,task_A_dataset_frame/outputs/frames_raw/short_head_left_file003_episode000927_frame002330_t077667.jpg,task_A_dataset_frame/outputs/frames_selected/600_baseline/short_head_left_file003_episode000927_frame002330_t077667.jpg,stratified_coverage,hard_score=0.113279; brightness=0.568205; contrast=0.166769; edge_density=0.124948; sharpness=0.003819
540,short,head_left,file-003.mp4,929,2810,93.666667,task_A_dataset_frame/outputs/frames_raw/short_head_left_file003_episode000929_frame002810_t093667.jpg,task_A_dataset_frame/outputs/frames_selected/600_baseline/short_head_left_file003_episode000929_frame002810_t093667.jpg,stratified_coverage,hard_score=0.111855; brightness=0.573019; contrast=0.155506; edge_density=0.121563; sharpness=0.003611
541,short,head_left,file-003.mp4,930,2890,96.333333,task_A_dataset_frame/outputs/frames_raw/short_head_left_file003_episode000930_frame002890_t096333.jpg,task_A_dataset_frame/outputs/frames_selected/600_baseline/short_head_left_file003_episode000930_frame002890_t096333.jpg,stratified_coverage+visual_hard_candidate,hard_score=0.117571; brightness=0.583119; contrast=0.156486; edge_density=0.122969; sharpness=0.003718
542,short,head_left,file-003.mp4,932,3290,109.666667,task_A_dataset_frame/outputs/frames_raw/short_head_left_file003_episode000932_frame003290_t109667.jpg,task_A_dataset_frame/outputs/frames_selected/600_baseline/short_head_left_file003_episode000932_frame003290_t109667.jpg,stratified_coverage,hard_score=0.115265; brightness=0.582867; contrast=0.152827; edge_density=0.118750; sharpness=0.003597
543,short,head_left,file-003.mp4,932,3370,112.333333,task_A_dataset_frame/outputs/frames_raw/short_head_left_file003_episode000932_frame003370_t112333.jpg,task_A_dataset_frame/outputs/frames_selected/600_baseline/short_head_left_file003_episode000932_frame003370_t112333.jpg,stratified_coverage+visual_hard_candidate,hard_score=0.117900; brightness=0.582778; contrast=0.155731; edge_density=0.125260; sharpness=0.003564
544,short,head_left,file-003.mp4,934,3700,123.333333,task_A_dataset_frame/outputs/frames_raw/short_head_left_file003_episode000934_frame003700_t123333.jpg,task_A_dataset_frame/outputs/frames_selected/600_baseline/short_head_left_file003_episode000934_frame003700_t123333.jpg,stratified_coverage,hard_score=0.112446; brightness=0.574380; contrast=0.155398; edge_density=0.121354; sharpness=0.003661
545,short,head_left,file-003.mp4,935,3860,128.666667,task_A_dataset_frame/outputs/frames_raw/short_head_left_file003_episode000935_frame003860_t128667.jpg,task_A_dataset_frame/outputs/frames_selected/600_baseline/short_head_left_file003_episode000935_frame003860_t128667.jpg,stratified_coverage,hard_score=0.116665; brightness=0.582440; contrast=0.154782; edge_density=0.122500; sharpness=0.003804
546,short,head_left,file-003.mp4,936,4180,139.333333,task_A_dataset_frame/outputs/frames_raw/short_head_left_file003_episode000936_frame004180_t139333.jpg,task_A_dataset_frame/outputs/frames_selected/600_baseline/short_head_left_file003_episode000936_frame004180_t139333.jpg,stratified_coverage,hard_score=0.112293; brightness=0.569576; contrast=0.160519; edge_density=0.124583; sharpness=0.003869
547,short,head_left,file-003.mp4,938,4420,147.333333,task_A_dataset_frame/outputs/frames_raw/short_head_left_file003_episode000938_frame004420_t147333.jpg,task_A_dataset_frame/outputs/frames_selected/600_baseline/short_head_left_file003_episode000938_frame004420_t147333.jpg,stratified_coverage+visual_hard_candidate,hard_score=0.118238; brightness=0.585823; contrast=0.155683; edge_density=0.121354; sharpness=0.003602
548,short,head_left,file-003.mp4,939,4660,155.333333,task_A_dataset_frame/outputs/frames_raw/short_head_left_file003_episode000939_frame004660_t155333.jpg,task_A_dataset_frame/outputs/frames_selected/600_baseline/short_head_left_file003_episode000939_frame004660_t155333.jpg,stratified_coverage,hard_score=0.115151; brightness=0.583040; contrast=0.150960; edge_density=0.119635; sharpness=0.003577
549,short,head_left,file-003.mp4,941,5060,168.666667,task_A_dataset_frame/outputs/frames_raw/short_head_left_file003_episode000941_frame005060_t168667.jpg,task_A_dataset_frame/outputs/frames_selected/600_baseline/short_head_left_file003_episode000941_frame005060_t168667.jpg,stratified_coverage,hard_score=0.116954; brightness=0.586210; contrast=0.150210; edge_density=0.120990; sharpness=0.003416
550,short,head_left,file-003.mp4,941,5140,171.333333,task_A_dataset_frame/outputs/frames_raw/short_head_left_file003_episode000941_frame005140_t171333.jpg,task_A_dataset_frame/outputs/frames_selected/600_baseline/short_head_left_file003_episode000941_frame005140_t171333.jpg,stratified_coverage,hard_score=0.112742; brightness=0.581894; contrast=0.150992; edge_density=0.113490; sharpness=0.003286
551,short,head_left,file-003.mp4,943,5380,179.333333,task_A_dataset_frame/outputs/frames_raw/short_head_left_file003_episode000943_frame005380_t179333.jpg,task_A_dataset_frame/outputs/frames_selected/600_baseline/short_head_left_file003_episode000943_frame005380_t179333.jpg,stratified_coverage+visual_hard_candidate,hard_score=0.117712; brightness=0.584291; contrast=0.155577; edge_density=0.122240; sharpness=0.003663
552,short,head_left,file-003.mp4,944,5620,187.333333,task_A_dataset_frame/outputs/frames_raw/short_head_left_file003_episode000944_frame005620_t187333.jpg,task_A_dataset_frame/outputs/frames_selected/600_baseline/short_head_left_file003_episode000944_frame005620_t187333.jpg,stratified_coverage,hard_score=0.111131; brightness=0.567121; contrast=0.163221; edge_density=0.122552; sharpness=0.003675
553,short,head_left,file-003.mp4,946,6030,201.000000,task_A_dataset_frame/outputs/frames_raw/short_head_left_file003_episode000946_frame006030_t201000.jpg,task_A_dataset_frame/outputs/frames_selected/600_baseline/short_head_left_file003_episode000946_frame006030_t201000.jpg,stratified_coverage,hard_score=0.114958; brightness=0.576901; contrast=0.156030; edge_density=0.125000; sharpness=0.003524
554,short,head_left,file-003.mp4,947,6190,206.333333,task_A_dataset_frame/outputs/frames_raw/short_head_left_file003_episode000947_frame006190_t206333.jpg,task_A_dataset_frame/outputs/frames_selected/600_baseline/short_head_left_file003_episode000947_frame006190_t206333.jpg,stratified_coverage+visual_hard_candidate,hard_score=0.117849; brightness=0.577757; contrast=0.160569; edge_density=0.129427; sharpness=0.003912
555,short,head_left,file-003.mp4,948,6510,217.000000,task_A_dataset_frame/outputs/frames_raw/short_head_left_file003_episode000948_frame006510_t217000.jpg,task_A_dataset_frame/outputs/frames_selected/600_baseline/short_head_left_file003_episode000948_frame006510_t217000.jpg,stratified_coverage,hard_score=0.112378; brightness=0.586684; contrast=0.147020; edge_density=0.107604; sharpness=0.003115
556,short,head_left,file-003.mp4,950,6750,225.000000,task_A_dataset_frame/outputs/frames_raw/short_head_left_file003_episode000950_frame006750_t225000.jpg,task_A_dataset_frame/outputs/frames_selected/600_baseline/short_head_left_file003_episode000950_frame006750_t225000.jpg,stratified_coverage,hard_score=0.116763; brightness=0.570278; contrast=0.165807; edge_density=0.133906; sharpness=0.004074
557,short,head_left,file-003.mp4,951,6990,233.000000,task_A_dataset_frame/outputs/frames_raw/short_head_left_file003_episode000951_frame006990_t233000.jpg,task_A_dataset_frame/outputs/frames_selected/600_baseline/short_head_left_file003_episode000951_frame006990_t233000.jpg,stratified_coverage,hard_score=0.115765; brightness=0.584007; contrast=0.152298; edge_density=0.118958; sharpness=0.003399
558,short,head_left,file-003.mp4,953,7470,249.000000,task_A_dataset_frame/outputs/frames_raw/short_head_left_file003_episode000953_frame007470_t249000.jpg,task_A_dataset_frame/outputs/frames_selected/600_baseline/short_head_left_file003_episode000953_frame007470_t249000.jpg,stratified_coverage,hard_score=0.110531; brightness=0.581119; contrast=0.146763; edge_density=0.110937; sharpness=0.003158
559,short,head_left,file-003.mp4,956,7950,265.000000,task_A_dataset_frame/outputs/frames_raw/short_head_left_file003_episode000956_frame007950_t265000.jpg,task_A_dataset_frame/outputs/frames_selected/600_baseline/short_head_left_file003_episode000956_frame007950_t265000.jpg,stratified_coverage,hard_score=0.111443; brightness=0.572985; contrast=0.157363; edge_density=0.118698; sharpness=0.003510
560,short,head_left,file-003.mp4,958,8360,278.666667,task_A_dataset_frame/outputs/frames_raw/short_head_left_file003_episode000958_frame008360_t278667.jpg,task_A_dataset_frame/outputs/frames_selected/600_baseline/short_head_left_file003_episode000958_frame008360_t278667.jpg,stratified_coverage,hard_score=0.111536; brightness=0.571868; contrast=0.158282; edge_density=0.120104; sharpness=0.003483
561,short,head_left,file-003.mp4,961,8840,294.666667,task_A_dataset_frame/outputs/frames_raw/short_head_left_file003_episode000961_frame008840_t294667.jpg,task_A_dataset_frame/outputs/frames_selected/600_baseline/short_head_left_file003_episode000961_frame008840_t294667.jpg,stratified_coverage,hard_score=0.116232; brightness=0.581982; contrast=0.157089; edge_density=0.119896; sharpness=0.003750
562,short,head_left,file-003.mp4,963,9320,310.666667,task_A_dataset_frame/outputs/frames_raw/short_head_left_file003_episode000963_frame009320_t310667.jpg,task_A_dataset_frame/outputs/frames_selected/600_baseline/short_head_left_file003_episode000963_frame009320_t310667.jpg,stratified_coverage,hard_score=0.107843; brightness=0.565004; contrast=0.162552; edge_density=0.115677; sharpness=0.003453
563,short,head_left,file-003.mp4,965,9640,321.333333,task_A_dataset_frame/outputs/frames_raw/short_head_left_file003_episode000965_frame009640_t321333.jpg,task_A_dataset_frame/outputs/frames_selected/600_baseline/short_head_left_file003_episode000965_frame009640_t321333.jpg,stratified_coverage,hard_score=0.117022; brightness=0.569639; contrast=0.164559; edge_density=0.136875; sharpness=0.004069
564,short,head_left,file-003.mp4,966,9800,326.666667,task_A_dataset_frame/outputs/frames_raw/short_head_left_file003_episode000966_frame009800_t326667.jpg,task_A_dataset_frame/outputs/frames_selected/600_baseline/short_head_left_file003_episode000966_frame009800_t326667.jpg,stratified_coverage,hard_score=0.116824; brightness=0.581820; contrast=0.159154; edge_density=0.120417; sharpness=0.003901
565,short,head_left,file-003.mp4,968,10280,342.666667,task_A_dataset_frame/outputs/frames_raw/short_head_left_file003_episode000968_frame010280_t342667.jpg,task_A_dataset_frame/outputs/frames_selected/600_baseline/short_head_left_file003_episode000968_frame010280_t342667.jpg,stratified_coverage,hard_score=0.110575; brightness=0.573869; contrast=0.154749; edge_density=0.116510; sharpness=0.003378
566,short,head_left,file-003.mp4,970,10690,356.333333,task_A_dataset_frame/outputs/frames_raw/short_head_left_file003_episode000970_frame010690_t356333.jpg,task_A_dataset_frame/outputs/frames_selected/600_baseline/short_head_left_file003_episode000970_frame010690_t356333.jpg,stratified_coverage,hard_score=0.111651; brightness=0.562822; contrast=0.164774; edge_density=0.130156; sharpness=0.003846
567,short,head_left,file-003.mp4,973,11170,372.333333,task_A_dataset_frame/outputs/frames_raw/short_head_left_file003_episode000973_frame011170_t372333.jpg,task_A_dataset_frame/outputs/frames_selected/600_baseline/short_head_left_file003_episode000973_frame011170_t372333.jpg,stratified_coverage,hard_score=0.115354; brightness=0.577828; contrast=0.158073; edge_density=0.123073; sharpness=0.003802
568,short,head_left,file-003.mp4,974,11330,377.666667,task_A_dataset_frame/outputs/frames_raw/short_head_left_file003_episode000974_frame011330_t377667.jpg,task_A_dataset_frame/outputs/frames_selected/600_baseline/short_head_left_file003_episode000974_frame011330_t377667.jpg,stratified_coverage+visual_hard_candidate,hard_score=0.118495; brightness=0.582506; contrast=0.159717; edge_density=0.124375; sharpness=0.003670
569,short,head_left,file-003.mp4,975,11570,385.666667,task_A_dataset_frame/outputs/frames_raw/short_head_left_file003_episode000975_frame011570_t385667.jpg,task_A_dataset_frame/outputs/frames_selected/600_baseline/short_head_left_file003_episode000975_frame011570_t385667.jpg,stratified_coverage,hard_score=0.116856; brightness=0.576957; contrast=0.159446; edge_density=0.128385; sharpness=0.003823
570,short,head_left,file-003.mp4,975,11650,388.333333,task_A_dataset_frame/outputs/frames_raw/short_head_left_file003_episode000975_frame011650_t388333.jpg,task_A_dataset_frame/outputs/frames_selected/600_baseline/short_head_left_file003_episode000975_frame011650_t388333.jpg,stratified_coverage,hard_score=0.115584; brightness=0.573991; contrast=0.159355; edge_density=0.129167; sharpness=0.003813
571,short,head_left,file-003.mp4,978,12130,404.333333,task_A_dataset_frame/outputs/frames_raw/short_head_left_file003_episode000978_frame012130_t404333.jpg,task_A_dataset_frame/outputs/frames_selected/600_baseline/short_head_left_file003_episode000978_frame012130_t404333.jpg,stratified_coverage,hard_score=0.114389; brightness=0.574916; contrast=0.157848; edge_density=0.124896; sharpness=0.003815
572,short,head_left,file-003.mp4,979,12290,409.666667,task_A_dataset_frame/outputs/frames_raw/short_head_left_file003_episode000979_frame012290_t409667.jpg,task_A_dataset_frame/outputs/frames_selected/600_baseline/short_head_left_file003_episode000979_frame012290_t409667.jpg,stratified_coverage+visual_hard_candidate,hard_score=0.118925; brightness=0.583459; contrast=0.156722; edge_density=0.126719; sharpness=0.003590
573,short,head_left,file-003.mp4,980,12610,420.333333,task_A_dataset_frame/outputs/frames_raw/short_head_left_file003_episode000980_frame012610_t420333.jpg,task_A_dataset_frame/outputs/frames_selected/600_baseline/short_head_left_file003_episode000980_frame012610_t420333.jpg,stratified_coverage,hard_score=0.110021; brightness=0.569337; contrast=0.157409; edge_density=0.120000; sharpness=0.003533
574,short,head_left,file-003.mp4,982,13020,434.000000,task_A_dataset_frame/outputs/frames_raw/short_head_left_file003_episode000982_frame013020_t434000.jpg,task_A_dataset_frame/outputs/frames_selected/600_baseline/short_head_left_file003_episode000982_frame013020_t434000.jpg,stratified_coverage,hard_score=0.112083; brightness=0.571526; contrast=0.157529; edge_density=0.123125; sharpness=0.003734
575,short,head_left,file-003.mp4,985,13500,450.000000,task_A_dataset_frame/outputs/frames_raw/short_head_left_file003_episode000985_frame013500_t450000.jpg,task_A_dataset_frame/outputs/frames_selected/600_baseline/short_head_left_file003_episode000985_frame013500_t450000.jpg,stratified_coverage,hard_score=0.112187; brightness=0.572605; contrast=0.157226; edge_density=0.121927; sharpness=0.003547
576,short,head_left,file-003.mp4,986,13660,455.333333,task_A_dataset_frame/outputs/frames_raw/short_head_left_file003_episode000986_frame013660_t455333.jpg,task_A_dataset_frame/outputs/frames_selected/600_baseline/short_head_left_file003_episode000986_frame013660_t455333.jpg,stratified_coverage,hard_score=0.116691; brightness=0.578200; contrast=0.158550; edge_density=0.126510; sharpness=0.003611
577,short,head_left,file-003.mp4,987,13980,466.000000,task_A_dataset_frame/outputs/frames_raw/short_head_left_file003_episode000987_frame013980_t466000.jpg,task_A_dataset_frame/outputs/frames_selected/600_baseline/short_head_left_file003_episode000987_frame013980_t466000.jpg,stratified_coverage,hard_score=0.113585; brightness=0.581106; contrast=0.151004; edge_density=0.117604; sharpness=0.003470
578,short,head_left,file-003.mp4,990,14460,482.000000,task_A_dataset_frame/outputs/frames_raw/short_head_left_file003_episode000990_frame014460_t482000.jpg,task_A_dataset_frame/outputs/frames_selected/600_baseline/short_head_left_file003_episode000990_frame014460_t482000.jpg,stratified_coverage,hard_score=0.111112; brightness=0.568557; contrast=0.160958; edge_density=0.121979; sharpness=0.003622
579,short,head_left,file-003.mp4,992,14940,498.000000,task_A_dataset_frame/outputs/frames_raw/short_head_left_file003_episode000992_frame014940_t498000.jpg,task_A_dataset_frame/outputs/frames_selected/600_baseline/short_head_left_file003_episode000992_frame014940_t498000.jpg,stratified_coverage,hard_score=0.114227; brightness=0.582007; contrast=0.150519; edge_density=0.118646; sharpness=0.003453
580,short,head_left,file-003.mp4,994,15350,511.666667,task_A_dataset_frame/outputs/frames_raw/short_head_left_file003_episode000994_frame015350_t511667.jpg,task_A_dataset_frame/outputs/frames_selected/600_baseline/short_head_left_file003_episode000994_frame015350_t511667.jpg,stratified_coverage,hard_score=0.111343; brightness=0.585904; contrast=0.145000; edge_density=0.107135; sharpness=0.003047
581,short,head_left,file-003.mp4,997,15750,525.000000,task_A_dataset_frame/outputs/frames_raw/short_head_left_file003_episode000997_frame015750_t525000.jpg,task_A_dataset_frame/outputs/frames_selected/600_baseline/short_head_left_file003_episode000997_frame015750_t525000.jpg,stratified_coverage+visual_hard_candidate,hard_score=0.117792; brightness=0.583498; contrast=0.157860; edge_density=0.121927; sharpness=0.003830
582,short,head_left,file-003.mp4,997,15830,527.666667,task_A_dataset_frame/outputs/frames_raw/short_head_left_file003_episode000997_frame015830_t527667.jpg,task_A_dataset_frame/outputs/frames_selected/600_baseline/short_head_left_file003_episode000997_frame015830_t527667.jpg,stratified_coverage+visual_hard_candidate,hard_score=0.117365; brightness=0.573479; contrast=0.160187; edge_density=0.135260; sharpness=0.003735
583,short,head_left,file-003.mp4,999,16310,543.666667,task_A_dataset_frame/outputs/frames_raw/short_head_left_file003_episode000999_frame016310_t543667.jpg,task_A_dataset_frame/outputs/frames_selected/600_baseline/short_head_left_file003_episode000999_frame016310_t543667.jpg,stratified_coverage,hard_score=0.112003; brightness=0.586273; contrast=0.146152; edge_density=0.107760; sharpness=0.003153
